{
    "appearance_style": [
        0.24384837962962969,
        [
            {
                "video_path": "/nfs/oagrawal/CogVideo/dicache_results/videos/cog_dc_adaptive_hi0.50_lo0.10/A beautiful coastal beach in spring, waves lapping on sand, Van Gogh style-0.mp4",
                "video_results": 0.20895833333333333,
                "frame_results": [
                    0.2134375,
                    0.2103125,
                    0.214375,
                    0.21078125,
                    0.21390625,
                    0.2071875,
                    0.214375,
                    0.21703125,
                    0.21125,
                    0.20515625,
                    0.20734375,
                    0.20703125,
                    0.205625,
                    0.20125,
                    0.201875,
                    0.20046875,
                    0.20078125,
                    0.20296875,
                    0.2059375,
                    0.20703125,
                    0.20015625,
                    0.21578125,
                    0.2084375,
                    0.21875,
                    0.21890625,
                    0.22359375,
                    0.22234375,
                    0.2221875,
                    0.21875,
                    0.21453125,
                    0.2075,
                    0.21640625,
                    0.21328125,
                    0.21171875,
                    0.20484375,
                    0.205625,
                    0.21875,
                    0.21453125,
                    0.20546875,
                    0.20765625,
                    0.20625,
                    0.20859375,
                    0.21453125,
                    0.20625,
                    0.21171875,
                    0.21,
                    0.2040625,
                    0.20546875,
                    0.2140625,
                    0.20859375,
                    0.21359375,
                    0.2146875,
                    0.209375,
                    0.19828125,
                    0.1965625,
                    0.204375,
                    0.20109375,
                    0.20328125,
                    0.19671875,
                    0.20046875,
                    0.199375,
                    0.20046875,
                    0.1984375,
                    0.20953125,
                    0.2015625,
                    0.2009375,
                    0.20125,
                    0.20078125,
                    0.20140625,
                    0.20625,
                    0.2040625,
                    0.220625,
                    0.2209375,
                    0.2184375,
                    0.20671875,
                    0.20703125,
                    0.20734375,
                    0.20984375,
                    0.21890625,
                    0.221875,
                    0.21453125
                ],
                "cur_sim": 0.21453125
            },
            {
                "video_path": "/nfs/oagrawal/CogVideo/dicache_results/videos/cog_dc_adaptive_hi0.50_lo0.10/A beautiful coastal beach in spring, waves lapping on sand, oil painting-0.mp4",
                "video_results": 0.22252893518518516,
                "frame_results": [
                    0.230625,
                    0.230625,
                    0.22515625,
                    0.224375,
                    0.22390625,
                    0.230625,
                    0.228125,
                    0.2240625,
                    0.23078125,
                    0.22796875,
                    0.2296875,
                    0.21796875,
                    0.2278125,
                    0.2196875,
                    0.22375,
                    0.22109375,
                    0.2203125,
                    0.21296875,
                    0.2203125,
                    0.219375,
                    0.21953125,
                    0.22609375,
                    0.2253125,
                    0.22078125,
                    0.225,
                    0.226875,
                    0.22078125,
                    0.22171875,
                    0.22015625,
                    0.22140625,
                    0.22265625,
                    0.2234375,
                    0.221875,
                    0.22703125,
                    0.23109375,
                    0.2303125,
                    0.22984375,
                    0.2271875,
                    0.22828125,
                    0.23234375,
                    0.2271875,
                    0.223125,
                    0.22703125,
                    0.226875,
                    0.2265625,
                    0.22453125,
                    0.22828125,
                    0.22546875,
                    0.22359375,
                    0.22140625,
                    0.2178125,
                    0.2184375,
                    0.21484375,
                    0.21921875,
                    0.2253125,
                    0.2271875,
                    0.22578125,
                    0.218125,
                    0.21953125,
                    0.22015625,
                    0.22109375,
                    0.218125,
                    0.22140625,
                    0.22296875,
                    0.224375,
                    0.216875,
                    0.21453125,
                    0.21765625,
                    0.2159375,
                    0.21640625,
                    0.215625,
                    0.21953125,
                    0.2228125,
                    0.21484375,
                    0.2140625,
                    0.21484375,
                    0.214375,
                    0.21515625,
                    0.21796875,
                    0.218125,
                    0.21671875
                ],
                "cur_sim": 0.21671875
            },
            {
                "video_path": "/nfs/oagrawal/CogVideo/dicache_results/videos/cog_dc_adaptive_hi0.50_lo0.10/A beautiful coastal beach in spring, waves lapping on sand by Hokusai, in the style of Ukiyo-0.mp4",
                "video_results": 0.30005787037037035,