{
    "appearance_style": [
        0.25862782921810684,
        [
            {
                "video_path": "/nfs/oagrawal/CogVideo/easycache_updated_exp/videos/cog_ec_fixed_0.075/A beautiful coastal beach in spring, waves lapping on sand, Van Gogh style-0.mp4",
                "video_results": 0.19982060185185183,
                "frame_results": [
                    0.2146875,
                    0.21671875,
                    0.20328125,
                    0.20109375,
                    0.199375,
                    0.1996875,
                    0.1975,
                    0.19828125,
                    0.19703125,
                    0.19421875,
                    0.19921875,
                    0.20578125,
                    0.19921875,
                    0.19265625,
                    0.19453125,
                    0.19328125,
                    0.1925,
                    0.1909375,
                    0.19046875,
                    0.19796875,
                    0.19203125,
                    0.1925,
                    0.1921875,
                    0.19421875,
                    0.196875,
                    0.20140625,
                    0.21328125,
                    0.20234375,
                    0.2103125,
                    0.1971875,
                    0.19921875,
                    0.19609375,
                    0.19765625,
                    0.2134375,
                    0.1978125,
                    0.19546875,
                    0.195625,
                    0.2034375,
                    0.2071875,
                    0.19296875,
                    0.1909375,
                    0.19484375,
                    0.20234375,
                    0.199375,
                    0.19546875,
                    0.19765625,
                    0.1934375,
                    0.1953125,
                    0.19515625,
                    0.1984375,
                    0.19609375,
                    0.201875,
                    0.20484375,
                    0.20203125,
                    0.2021875,
                    0.20453125,
                    0.2046875,
                    0.19515625,
                    0.19984375,
                    0.1965625,
                    0.1978125,
                    0.2025,
                    0.2,
                    0.2028125,
                    0.20390625,
                    0.20796875,
                    0.20234375,
                    0.20390625,
                    0.20390625,
                    0.2003125,
                    0.20203125,
                    0.205,
                    0.2028125,
                    0.1953125,
                    0.20390625,
                    0.20765625,
                    0.20375,
                    0.2065625,
                    0.19890625,
                    0.19796875,
                    0.195625
                ],
                "cur_sim": 0.195625
            },
            {
                "video_path": "/nfs/oagrawal/CogVideo/easycache_updated_exp/videos/cog_ec_fixed_0.075/A beautiful coastal beach in spring, waves lapping on sand, oil painting-0.mp4",
                "video_results": 0.27652199074074074,
                "frame_results": [
                    0.2790625,
                    0.2709375,
                    0.27109375,
                    0.2709375,
                    0.27234375,
                    0.27078125,
                    0.2734375,
                    0.27296875,
                    0.27421875,
                    0.2746875,
                    0.270625,
                    0.26875,
                    0.26890625,
                    0.26921875,
                    0.26953125,
                    0.2684375,
                    0.26859375,
                    0.27484375,
                    0.27546875,
                    0.27765625,
                    0.27796875,
                    0.28046875,
                    0.28171875,
                    0.28125,
                    0.280625,
                    0.2825,
                    0.28203125,
                    0.2834375,
                    0.283125,
                    0.28046875,
                    0.28046875,
                    0.278125,
                    0.27796875,
                    0.27796875,
                    0.27828125,
                    0.2753125,
                    0.27484375,
                    0.2778125,
                    0.27515625,
                    0.27453125,
                    0.27515625,
                    0.27640625,
                    0.27546875,
                    0.2765625,
                    0.27546875,
                    0.27578125,
                    0.27875,
                    0.2765625,
                    0.28,
                    0.27734375,
                    0.27765625,
                    0.27921875,
                    0.27921875,
                    0.27859375,
                    0.2765625,
                    0.27703125,
                    0.2790625,
                    0.27578125,
                    0.27390625,
                    0.274375,
                    0.275625,
                    0.27390625,
                    0.273125,
                    0.2734375,
                    0.27515625,
                    0.27515625,
                    0.2771875,
                    0.2771875,
                    0.2765625,
                    0.2796875,
                    0.2809375,
                    0.27734375,
                    0.28015625,
                    0.27890625,
                    0.2790625,
                    0.2815625,
                    0.2834375,
                    0.279375,
                    0.27734375,
                    0.2790625,
                    0.27859375
                ],
                "cur_sim": 0.27859375
            },
            {
                "video_path": "/nfs/oagrawal/CogVideo/easycache_updated_exp/videos/cog_ec_fixed_0.075/A beautiful coastal beach in spring, waves lapping on sand by Hokusai, in the style of Ukiyo-0.mp4",
                "video_results": 0.29954089506172843,