{
    "appearance_style": [
        0.23624614197530872,
        [
            {
                "video_path": "/nfs/oagrawal/CogVideo/easycache_updated_exp/videos/cog_ec_adaptive_hi0.125_lo0.075_f13_l8/A beautiful coastal beach in spring, waves lapping on sand, Van Gogh style-0.mp4",
                "video_results": 0.20735532407407403,
                "frame_results": [
                    0.231875,
                    0.2146875,
                    0.2175,
                    0.206875,
                    0.2065625,
                    0.20078125,
                    0.2003125,
                    0.19890625,
                    0.200625,
                    0.19765625,
                    0.20234375,
                    0.20734375,
                    0.205625,
                    0.203125,
                    0.20265625,
                    0.20390625,
                    0.2028125,
                    0.2025,
                    0.20140625,
                    0.20625,
                    0.2065625,
                    0.21234375,
                    0.20625,
                    0.20765625,
                    0.21,
                    0.2134375,
                    0.21640625,
                    0.218125,
                    0.21359375,
                    0.20390625,
                    0.208125,
                    0.2103125,
                    0.208125,
                    0.21515625,
                    0.21734375,
                    0.21375,
                    0.20984375,
                    0.2046875,
                    0.2046875,
                    0.206875,
                    0.204375,
                    0.19953125,
                    0.20296875,
                    0.20515625,
                    0.20734375,
                    0.2053125,
                    0.2034375,
                    0.2103125,
                    0.20703125,
                    0.21078125,
                    0.20640625,
                    0.2065625,
                    0.2071875,
                    0.2053125,
                    0.20921875,
                    0.20578125,
                    0.20046875,
                    0.20296875,
                    0.204375,
                    0.20234375,
                    0.20296875,
                    0.2059375,
                    0.2121875,
                    0.206875,
                    0.21078125,
                    0.22421875,
                    0.2090625,
                    0.211875,
                    0.2084375,
                    0.208125,
                    0.20484375,
                    0.20859375,
                    0.20375,
                    0.20359375,
                    0.20328125,
                    0.203125,
                    0.19828125,
                    0.20890625,
                    0.210625,
                    0.2103125,
                    0.2121875
                ],
                "cur_sim": 0.2121875
            },
            {
                "video_path": "/nfs/oagrawal/CogVideo/easycache_updated_exp/videos/cog_ec_adaptive_hi0.125_lo0.075_f13_l8/A beautiful coastal beach in spring, waves lapping on sand, oil painting-0.mp4",
                "video_results": 0.2236033950617284,
                "frame_results": [
                    0.2371875,
                    0.22859375,
                    0.2240625,
                    0.2225,
                    0.22,
                    0.2215625,
                    0.22609375,
                    0.22515625,
                    0.2234375,
                    0.22140625,
                    0.2246875,
                    0.22578125,
                    0.22796875,
                    0.2259375,
                    0.22515625,
                    0.2240625,
                    0.22140625,
                    0.22484375,
                    0.22578125,
                    0.22609375,
                    0.229375,
                    0.229375,
                    0.22953125,
                    0.2278125,
                    0.22625,
                    0.22265625,
                    0.22359375,
                    0.226875,
                    0.226875,
                    0.22359375,
                    0.22453125,
                    0.2259375,
                    0.22234375,
                    0.22609375,
                    0.2275,
                    0.228125,
                    0.2246875,
                    0.22640625,
                    0.226875,
                    0.228125,
                    0.226875,
                    0.22703125,
                    0.22953125,
                    0.22921875,
                    0.23,
                    0.22953125,
                    0.2275,
                    0.2221875,
                    0.22234375,
                    0.21984375,
                    0.22328125,
                    0.234375,
                    0.22234375,
                    0.21734375,
                    0.21625,
                    0.21734375,
                    0.22,
                    0.21984375,
                    0.21796875,
                    0.21515625,
                    0.21640625,
                    0.22203125,
                    0.22125,
                    0.216875,
                    0.21703125,
                    0.22015625,
                    0.22109375,
                    0.22671875,
                    0.22,
                    0.2178125,
                    0.22375,
                    0.219375,
                    0.21859375,
                    0.218125,
                    0.22484375,
                    0.22640625,
                    0.22203125,
                    0.21546875,
                    0.21515625,
                    0.21515625,
                    0.21734375
                ],
                "cur_sim": 0.21734375
            },
            {
                "video_path": "/nfs/oagrawal/CogVideo/easycache_updated_exp/videos/cog_ec_adaptive_hi0.125_lo0.075_f13_l8/A beautiful coastal beach in spring, waves lapping on sand by Hokusai, in the style of Ukiyo-0.mp4",
                "video_results": 0.2777797067901235,