{
    "appearance_style": [
        0.2522177211934156,
        [
            {
                "video_path": "/nfs/oagrawal/CogVideo/dicache_results/videos/cog_dc_adaptive_hi0.70_lo0.20/A beautiful coastal beach in spring, waves lapping on sand, Van Gogh style-0.mp4",
                "video_results": 0.21453703703703705,
                "frame_results": [
                    0.22546875,
                    0.22390625,
                    0.2175,
                    0.2265625,
                    0.22546875,
                    0.22609375,
                    0.215,
                    0.22390625,
                    0.21625,
                    0.21015625,
                    0.2221875,
                    0.21671875,
                    0.20765625,
                    0.21484375,
                    0.2121875,
                    0.20953125,
                    0.21078125,
                    0.2096875,
                    0.22390625,
                    0.21875,
                    0.21453125,
                    0.21140625,
                    0.211875,
                    0.2159375,
                    0.21109375,
                    0.21484375,
                    0.21921875,
                    0.2153125,
                    0.21578125,
                    0.22890625,
                    0.22421875,
                    0.22875,
                    0.2221875,
                    0.23203125,
                    0.22546875,
                    0.22203125,
                    0.21359375,
                    0.21625,
                    0.22234375,
                    0.219375,
                    0.21,
                    0.213125,
                    0.21546875,
                    0.2234375,
                    0.22484375,
                    0.22171875,
                    0.21953125,
                    0.219375,
                    0.2040625,
                    0.20515625,
                    0.200625,
                    0.20328125,
                    0.21484375,
                    0.20328125,
                    0.2071875,
                    0.21515625,
                    0.2146875,
                    0.20640625,
                    0.20796875,
                    0.20765625,
                    0.20625,
                    0.20671875,
                    0.2015625,
                    0.20484375,
                    0.20546875,
                    0.21125,
                    0.20390625,
                    0.2109375,
                    0.208125,
                    0.2071875,
                    0.20796875,
                    0.21765625,
                    0.214375,
                    0.21609375,
                    0.2078125,
                    0.20640625,
                    0.21390625,
                    0.21328125,
                    0.20734375,
                    0.2115625,
                    0.2153125
                ],
                "cur_sim": 0.2153125
            },
            {
                "video_path": "/nfs/oagrawal/CogVideo/dicache_results/videos/cog_dc_adaptive_hi0.70_lo0.20/A beautiful coastal beach in spring, waves lapping on sand, oil painting-0.mp4",
                "video_results": 0.23521412037037034,
                "frame_results": [
                    0.23640625,
                    0.2321875,
                    0.2346875,
                    0.23375,
                    0.23171875,
                    0.24015625,
                    0.23375,
                    0.2375,
                    0.23484375,
                    0.22703125,
                    0.235,
                    0.23296875,
                    0.2315625,
                    0.2253125,
                    0.22765625,
                    0.23328125,
                    0.22953125,
                    0.23390625,
                    0.2384375,
                    0.2434375,
                    0.245625,
                    0.23453125,
                    0.23390625,
                    0.24125,
                    0.23421875,
                    0.234375,
                    0.23359375,
                    0.241875,
                    0.2475,
                    0.24921875,
                    0.2425,
                    0.248125,
                    0.2471875,
                    0.2434375,
                    0.24109375,
                    0.24203125,
                    0.2403125,
                    0.2353125,
                    0.23765625,
                    0.24328125,
                    0.24125,
                    0.23890625,
                    0.23765625,
                    0.2365625,
                    0.24203125,
                    0.24453125,
                    0.24734375,
                    0.24265625,
                    0.2384375,
                    0.2396875,
                    0.234375,
                    0.231875,
                    0.22734375,
                    0.22609375,
                    0.21640625,
                    0.22640625,
                    0.2265625,
                    0.22421875,
                    0.22765625,
                    0.23078125,
                    0.23375,
                    0.2334375,
                    0.2340625,
                    0.23515625,
                    0.2328125,
                    0.2275,
                    0.22921875,
                    0.225,
                    0.22921875,
                    0.2353125,
                    0.2371875,
                    0.23578125,
                    0.23625,
                    0.243125,
                    0.23359375,
                    0.23515625,
                    0.2303125,
                    0.2265625,
                    0.22890625,
                    0.22921875,
                    0.22984375
                ],
                "cur_sim": 0.22984375
            },
            {
                "video_path": "/nfs/oagrawal/CogVideo/dicache_results/videos/cog_dc_adaptive_hi0.70_lo0.20/A beautiful coastal beach in spring, waves lapping on sand by Hokusai, in the style of Ukiyo-0.mp4",
                "video_results": 0.3069020061728395,