{
    "appearance_style": [
        0.23661586934156387,
        [
            {
                "video_path": "/nfs/oagrawal/CogVideo/easycache_updated_exp/videos/cog_ec_adaptive_hi0.125_lo0.075_f9_l6/A beautiful coastal beach in spring, waves lapping on sand, Van Gogh style-0.mp4",
                "video_results": 0.20831597222222223,
                "frame_results": [
                    0.2278125,
                    0.22390625,
                    0.21984375,
                    0.21203125,
                    0.20921875,
                    0.21234375,
                    0.2009375,
                    0.2025,
                    0.2003125,
                    0.198125,
                    0.20484375,
                    0.2078125,
                    0.2059375,
                    0.2071875,
                    0.2053125,
                    0.2059375,
                    0.2034375,
                    0.2034375,
                    0.20265625,
                    0.20984375,
                    0.213125,
                    0.20640625,
                    0.20703125,
                    0.20875,
                    0.21015625,
                    0.21078125,
                    0.21984375,
                    0.21703125,
                    0.21859375,
                    0.2115625,
                    0.20921875,
                    0.21140625,
                    0.21328125,
                    0.22125,
                    0.2109375,
                    0.21140625,
                    0.210625,
                    0.2053125,
                    0.20984375,
                    0.20609375,
                    0.20078125,
                    0.2021875,
                    0.204375,
                    0.21,
                    0.2103125,
                    0.20765625,
                    0.20234375,
                    0.20484375,
                    0.20140625,
                    0.21109375,
                    0.21375,
                    0.20390625,
                    0.2009375,
                    0.2015625,
                    0.2009375,
                    0.20375,
                    0.2015625,
                    0.19984375,
                    0.20765625,
                    0.20109375,
                    0.20328125,
                    0.2071875,
                    0.2103125,
                    0.20375,
                    0.21296875,
                    0.22875,
                    0.2140625,
                    0.21046875,
                    0.2109375,
                    0.21453125,
                    0.20546875,
                    0.21125,
                    0.20328125,
                    0.20453125,
                    0.20421875,
                    0.201875,
                    0.1996875,
                    0.2075,
                    0.210625,
                    0.21328125,
                    0.20953125
                ],
                "cur_sim": 0.20953125
            },
            {
                "video_path": "/nfs/oagrawal/CogVideo/easycache_updated_exp/videos/cog_ec_adaptive_hi0.125_lo0.075_f9_l6/A beautiful coastal beach in spring, waves lapping on sand, oil painting-0.mp4",
                "video_results": 0.22325617283950616,
                "frame_results": [
                    0.24359375,
                    0.234375,
                    0.22203125,
                    0.22109375,
                    0.221875,
                    0.22265625,
                    0.22328125,
                    0.225,
                    0.22296875,
                    0.22296875,
                    0.22515625,
                    0.22875,
                    0.22875,
                    0.225,
                    0.2225,
                    0.22328125,
                    0.22046875,
                    0.223125,
                    0.22296875,
                    0.221875,
                    0.22453125,
                    0.22796875,
                    0.22828125,
                    0.2284375,
                    0.22546875,
                    0.22578125,
                    0.230625,
                    0.230625,
                    0.2303125,
                    0.2253125,
                    0.22421875,
                    0.2253125,
                    0.22515625,
                    0.2290625,
                    0.2309375,
                    0.22734375,
                    0.225625,
                    0.22703125,
                    0.2271875,
                    0.22640625,
                    0.2253125,
                    0.22875,
                    0.22546875,
                    0.22828125,
                    0.225,
                    0.22078125,
                    0.22390625,
                    0.2215625,
                    0.2234375,
                    0.221875,
                    0.22296875,
                    0.22515625,
                    0.22,
                    0.21859375,
                    0.21640625,
                    0.21734375,
                    0.21890625,
                    0.2190625,
                    0.21609375,
                    0.21609375,
                    0.2159375,
                    0.2175,
                    0.214375,
                    0.21578125,
                    0.21578125,
                    0.22203125,
                    0.2178125,
                    0.2196875,
                    0.2171875,
                    0.21953125,
                    0.2228125,
                    0.2203125,
                    0.2203125,
                    0.2209375,
                    0.2203125,
                    0.22203125,
                    0.2284375,
                    0.2203125,
                    0.21640625,
                    0.214375,
                    0.21953125
                ],
                "cur_sim": 0.21953125
            },
            {
                "video_path": "/nfs/oagrawal/CogVideo/easycache_updated_exp/videos/cog_ec_adaptive_hi0.125_lo0.075_f9_l6/A beautiful coastal beach in spring, waves lapping on sand by Hokusai, in the style of Ukiyo-0.mp4",
                "video_results": 0.27827546296296296,