{
    "appearance_style": [
        0.24086291152263375,
        [
            {
                "video_path": "/nfs/oagrawal/CogVideo/vbench_eval/videos/cogvideo_adaptive_0.1_17_0.3/A beautiful coastal beach in spring, waves lapping on sand, Van Gogh style-0.mp4",
                "video_results": 0.20802854938271603,
                "frame_results": [
                    0.22578125,
                    0.22265625,
                    0.216875,
                    0.21015625,
                    0.20515625,
                    0.2075,
                    0.21484375,
                    0.2128125,
                    0.2078125,
                    0.21265625,
                    0.20546875,
                    0.199375,
                    0.1996875,
                    0.20375,
                    0.20125,
                    0.21546875,
                    0.20421875,
                    0.20265625,
                    0.2009375,
                    0.20515625,
                    0.2034375,
                    0.199375,
                    0.2025,
                    0.20078125,
                    0.2,
                    0.2003125,
                    0.2090625,
                    0.20328125,
                    0.203125,
                    0.2025,
                    0.1996875,
                    0.20515625,
                    0.21265625,
                    0.206875,
                    0.204375,
                    0.21484375,
                    0.20890625,
                    0.21015625,
                    0.21296875,
                    0.20984375,
                    0.20390625,
                    0.214375,
                    0.211875,
                    0.211875,
                    0.21,
                    0.21546875,
                    0.2103125,
                    0.21875,
                    0.21984375,
                    0.2225,
                    0.2071875,
                    0.21859375,
                    0.21421875,
                    0.20375,
                    0.20796875,
                    0.2090625,
                    0.2128125,
                    0.2034375,
                    0.20890625,
                    0.2121875,
                    0.19875,
                    0.20234375,
                    0.20015625,
                    0.2034375,
                    0.20265625,
                    0.224375,
                    0.208125,
                    0.20609375,
                    0.2053125,
                    0.20390625,
                    0.204375,
                    0.20625,
                    0.2053125,
                    0.20671875,
                    0.2065625,
                    0.20234375,
                    0.20375,
                    0.21109375,
                    0.2084375,
                    0.2078125,
                    0.21140625
                ],
                "cur_sim": 0.21140625
            },
            {
                "video_path": "/nfs/oagrawal/CogVideo/vbench_eval/videos/cogvideo_adaptive_0.1_17_0.3/A beautiful coastal beach in spring, waves lapping on sand, oil painting-0.mp4",
                "video_results": 0.2205401234567901,
                "frame_results": [
                    0.23328125,
                    0.23390625,
                    0.2228125,
                    0.216875,
                    0.2196875,
                    0.2228125,
                    0.22046875,
                    0.22390625,
                    0.22046875,
                    0.2209375,
                    0.22125,
                    0.22265625,
                    0.22015625,
                    0.22515625,
                    0.21921875,
                    0.21984375,
                    0.22140625,
                    0.22421875,
                    0.2240625,
                    0.2275,
                    0.22390625,
                    0.22640625,
                    0.22921875,
                    0.22578125,
                    0.233125,
                    0.22578125,
                    0.2178125,
                    0.22125,
                    0.21953125,
                    0.219375,
                    0.21921875,
                    0.21921875,
                    0.21859375,
                    0.22734375,
                    0.2353125,
                    0.234375,
                    0.23421875,
                    0.23921875,
                    0.21875,
                    0.22140625,
                    0.22140625,
                    0.2209375,
                    0.22453125,
                    0.220625,
                    0.21796875,
                    0.2196875,
                    0.22609375,
                    0.220625,
                    0.2178125,
                    0.21515625,
                    0.21453125,
                    0.216875,
                    0.2153125,
                    0.2153125,
                    0.215625,
                    0.21390625,
                    0.21328125,
                    0.21875,
                    0.219375,
                    0.21515625,
                    0.2153125,
                    0.21546875,
                    0.214375,
                    0.215625,
                    0.2175,
                    0.2215625,
                    0.2165625,
                    0.21515625,
                    0.216875,
                    0.2153125,
                    0.2125,
                    0.211875,
                    0.21328125,
                    0.2175,
                    0.21625,
                    0.2171875,
                    0.21734375,
                    0.218125,
                    0.21453125,
                    0.21421875,
                    0.21375
                ],
                "cur_sim": 0.21375
            },
            {
                "video_path": "/nfs/oagrawal/CogVideo/vbench_eval/videos/cogvideo_adaptive_0.1_17_0.3/A beautiful coastal beach in spring, waves lapping on sand by Hokusai, in the style of Ukiyo-0.mp4",
                "video_results": 0.294020061728395,