{
    "appearance_style": [
        0.23901556069958843,
        [
            {
                "video_path": "/nfs/oagrawal/CogVideo/easycache_updated_exp/videos/cog_ec_adaptive_hi0.15_lo0.075_f13_l8/A beautiful coastal beach in spring, waves lapping on sand, Van Gogh style-0.mp4",
                "video_results": 0.21342978395061726,
                "frame_results": [
                    0.23484375,
                    0.2334375,
                    0.21734375,
                    0.21328125,
                    0.21015625,
                    0.2053125,
                    0.20125,
                    0.206875,
                    0.2071875,
                    0.20609375,
                    0.20984375,
                    0.21109375,
                    0.20703125,
                    0.205,
                    0.2075,
                    0.20734375,
                    0.209375,
                    0.20453125,
                    0.205625,
                    0.20703125,
                    0.21125,
                    0.20671875,
                    0.21078125,
                    0.21296875,
                    0.21421875,
                    0.21734375,
                    0.22921875,
                    0.2284375,
                    0.2271875,
                    0.21859375,
                    0.2221875,
                    0.22765625,
                    0.2234375,
                    0.23296875,
                    0.22375,
                    0.22203125,
                    0.2178125,
                    0.2059375,
                    0.2125,
                    0.2115625,
                    0.2115625,
                    0.21171875,
                    0.215,
                    0.21359375,
                    0.22078125,
                    0.20578125,
                    0.20390625,
                    0.209375,
                    0.209375,
                    0.21359375,
                    0.20875,
                    0.211875,
                    0.20984375,
                    0.20890625,
                    0.21109375,
                    0.21140625,
                    0.205625,
                    0.2090625,
                    0.21171875,
                    0.20765625,
                    0.209375,
                    0.21796875,
                    0.21828125,
                    0.21609375,
                    0.2196875,
                    0.22625,
                    0.21453125,
                    0.22453125,
                    0.21875,
                    0.21796875,
                    0.20796875,
                    0.21328125,
                    0.20703125,
                    0.21203125,
                    0.2075,
                    0.20640625,
                    0.205625,
                    0.21171875,
                    0.214375,
                    0.21234375,
                    0.20875
                ],
                "cur_sim": 0.20875
            },
            {
                "video_path": "/nfs/oagrawal/CogVideo/easycache_updated_exp/videos/cog_ec_adaptive_hi0.15_lo0.075_f13_l8/A beautiful coastal beach in spring, waves lapping on sand, oil painting-0.mp4",
                "video_results": 0.22884259259259263,
                "frame_results": [
                    0.24515625,
                    0.24078125,
                    0.23390625,
                    0.23015625,
                    0.2284375,
                    0.23046875,
                    0.22625,
                    0.23203125,
                    0.22859375,
                    0.2275,
                    0.229375,
                    0.22765625,
                    0.2303125,
                    0.233125,
                    0.23171875,
                    0.22875,
                    0.22828125,
                    0.23140625,
                    0.22671875,
                    0.2253125,
                    0.23125,
                    0.234375,
                    0.23515625,
                    0.23109375,
                    0.23328125,
                    0.23140625,
                    0.2334375,
                    0.23453125,
                    0.23625,
                    0.235625,
                    0.23046875,
                    0.23578125,
                    0.235,
                    0.23546875,
                    0.235,
                    0.2334375,
                    0.2296875,
                    0.24265625,
                    0.2403125,
                    0.23671875,
                    0.2321875,
                    0.2390625,
                    0.2346875,
                    0.241875,
                    0.23734375,
                    0.22515625,
                    0.22359375,
                    0.2225,
                    0.2234375,
                    0.2246875,
                    0.23046875,
                    0.226875,
                    0.2253125,
                    0.2196875,
                    0.22,
                    0.22,
                    0.22265625,
                    0.22234375,
                    0.22015625,
                    0.2203125,
                    0.220625,
                    0.22390625,
                    0.22140625,
                    0.225,
                    0.22453125,
                    0.22390625,
                    0.2246875,
                    0.22796875,
                    0.2265625,
                    0.226875,
                    0.2221875,
                    0.2253125,
                    0.2240625,
                    0.2253125,
                    0.22609375,
                    0.22515625,
                    0.226875,
                    0.21796875,
                    0.2178125,
                    0.2184375,
                    0.22234375
                ],
                "cur_sim": 0.22234375
            },
            {
                "video_path": "/nfs/oagrawal/CogVideo/easycache_updated_exp/videos/cog_ec_adaptive_hi0.15_lo0.075_f13_l8/A beautiful coastal beach in spring, waves lapping on sand by Hokusai, in the style of Ukiyo-0.mp4",
                "video_results": 0.27477430555555554,