{
    "appearance_style": [
        0.2551881377551022,
        [
            {
                "video_path": "/nfs/oagrawal/CogVideo/vbench_eval_easycache/videos/cog_ec_fixed_0.12/A beautiful coastal beach in spring, waves lapping on sand, Van Gogh style-0.mp4",
                "video_results": 0.22170280612244897,
                "frame_results": [
                    0.23796875,
                    0.2365625,
                    0.2384375,
                    0.2271875,
                    0.22796875,
                    0.2175,
                    0.2215625,
                    0.23375,
                    0.2303125,
                    0.22578125,
                    0.2221875,
                    0.22421875,
                    0.22328125,
                    0.21953125,
                    0.2171875,
                    0.22546875,
                    0.2228125,
                    0.21421875,
                    0.22296875,
                    0.2196875,
                    0.21953125,
                    0.22140625,
                    0.2240625,
                    0.22203125,
                    0.21203125,
                    0.2315625,
                    0.224375,
                    0.22953125,
                    0.23078125,
                    0.225,
                    0.22015625,
                    0.22375,
                    0.221875,
                    0.21609375,
                    0.2103125,
                    0.22078125,
                    0.21890625,
                    0.215625,
                    0.2140625,
                    0.2171875,
                    0.22140625,
                    0.21078125,
                    0.21359375,
                    0.21421875,
                    0.2134375,
                    0.20984375,
                    0.2159375,
                    0.21765625,
                    0.21890625
                ],
                "cur_sim": 0.21890625
            },
            {
                "video_path": "/nfs/oagrawal/CogVideo/vbench_eval_easycache/videos/cog_ec_fixed_0.12/A beautiful coastal beach in spring, waves lapping on sand, oil painting-0.mp4",
                "video_results": 0.24101721938775508,
                "frame_results": [
                    0.255625,
                    0.24453125,
                    0.24125,
                    0.24578125,
                    0.235625,
                    0.24609375,
                    0.24359375,
                    0.25328125,
                    0.246875,
                    0.250625,
                    0.24515625,
                    0.24359375,
                    0.24015625,
                    0.24671875,
                    0.24421875,
                    0.2453125,
                    0.24546875,
                    0.22703125,
                    0.2359375,
                    0.241875,
                    0.22765625,
                    0.23375,
                    0.2434375,
                    0.244375,
                    0.24171875,
                    0.22953125,
                    0.23296875,
                    0.2371875,
                    0.238125,
                    0.2409375,
                    0.23984375,
                    0.2446875,
                    0.24015625,
                    0.23453125,
                    0.24859375,
                    0.24640625,
                    0.2321875,
                    0.2321875,
                    0.2428125,
                    0.2403125,
                    0.24125,
                    0.235625,
                    0.238125,
                    0.23953125,
                    0.24484375,
                    0.23140625,
                    0.228125,
                    0.25421875,
                    0.2465625
                ],
                "cur_sim": 0.2465625
            },
            {
                "video_path": "/nfs/oagrawal/CogVideo/vbench_eval_easycache/videos/cog_ec_fixed_0.12/A beautiful coastal beach in spring, waves lapping on sand by Hokusai, in the style of Ukiyo-0.mp4",
                "video_results": 0.3028443877551021,
                "frame_results": [
                    0.3171875,
                    0.305625,
                    0.3009375,
                    0.3128125,
                    0.3190625,
                    0.30734375,
                    0.310625,
                    0.323125,
                    0.29109375,
                    0.31203125,
                    0.31578125,
                    0.3078125,
                    0.30015625,
                    0.29328125,
                    0.323125,
                    0.3121875,
                    0.30578125,
                    0.2928125,
                    0.3028125,
                    0.29828125,
                    0.28859375,
                    0.30671875,
                    0.285625,
                    0.30421875,
                    0.2875,
                    0.2834375,
                    0.30265625,
                    0.316875,
                    0.31359375,
                    0.308125,
                    0.304375,
                    0.30546875,
                    0.304375,
                    0.32,
                    0.3096875,
                    0.29859375,
                    0.2928125,
                    0.2965625,
                    0.29328125,
                    0.305,
                    0.30109375,
                    0.2971875,
                    0.285625,
                    0.3009375,
                    0.28578125,
                    0.3090625,
                    0.291875,
                    0.294375,
                    0.2940625
                ],
                "cur_sim": 0.2940625
            }
        ]
    ]
}