{
    "appearance_style": [
        0.2572427721088436,
        [
            {
                "video_path": "/nfs/oagrawal/CogVideo/vbench_eval_easycache/videos/cog_ec_fixed_0.15/A beautiful coastal beach in spring, waves lapping on sand, Van Gogh style-0.mp4",
                "video_results": 0.23255420918367345,
                "frame_results": [
                    0.245625,
                    0.24546875,
                    0.2409375,
                    0.23421875,
                    0.2246875,
                    0.219375,
                    0.221875,
                    0.23421875,
                    0.2309375,
                    0.2284375,
                    0.2325,
                    0.2440625,
                    0.235625,
                    0.23609375,
                    0.24046875,
                    0.24515625,
                    0.243125,
                    0.22546875,
                    0.2240625,
                    0.235,
                    0.23453125,
                    0.2353125,
                    0.243125,
                    0.2271875,
                    0.229375,
                    0.23703125,
                    0.23,
                    0.2446875,
                    0.2446875,
                    0.24046875,
                    0.2365625,
                    0.2340625,
                    0.23203125,
                    0.22234375,
                    0.2121875,
                    0.22796875,
                    0.2325,
                    0.225625,
                    0.2290625,
                    0.23296875,
                    0.23171875,
                    0.22671875,
                    0.22390625,
                    0.23484375,
                    0.22640625,
                    0.2178125,
                    0.2259375,
                    0.2378125,
                    0.2309375
                ],
                "cur_sim": 0.2309375
            },
            {
                "video_path": "/nfs/oagrawal/CogVideo/vbench_eval_easycache/videos/cog_ec_fixed_0.15/A beautiful coastal beach in spring, waves lapping on sand, oil painting-0.mp4",
                "video_results": 0.2519770408163265,
                "frame_results": [
                    0.2625,
                    0.26328125,
                    0.26359375,
                    0.2640625,
                    0.2503125,
                    0.25484375,
                    0.25515625,
                    0.2678125,
                    0.2559375,
                    0.25765625,
                    0.24890625,
                    0.258125,
                    0.25828125,
                    0.25859375,
                    0.2575,
                    0.25015625,
                    0.25421875,
                    0.24921875,
                    0.25484375,
                    0.260625,
                    0.250625,
                    0.2365625,
                    0.25078125,
                    0.25421875,
                    0.24890625,
                    0.2259375,
                    0.2375,
                    0.2421875,
                    0.23265625,
                    0.24515625,
                    0.23984375,
                    0.2403125,
                    0.2409375,
                    0.2484375,
                    0.25125,
                    0.25109375,
                    0.25125,
                    0.24203125,
                    0.26109375,
                    0.2628125,
                    0.261875,
                    0.23921875,
                    0.25171875,
                    0.2634375,
                    0.26375,
                    0.24859375,
                    0.23859375,
                    0.25859375,
                    0.261875
                ],
                "cur_sim": 0.261875
            },
            {
                "video_path": "/nfs/oagrawal/CogVideo/vbench_eval_easycache/videos/cog_ec_fixed_0.15/A beautiful coastal beach in spring, waves lapping on sand by Hokusai, in the style of Ukiyo-0.mp4",
                "video_results": 0.28719706632653064,
                "frame_results": [
                    0.28734375,
                    0.2659375,
                    0.2815625,
                    0.3171875,
                    0.28796875,
                    0.28046875,
                    0.2796875,
                    0.2875,
                    0.2846875,
                    0.28546875,
                    0.2909375,
                    0.2959375,
                    0.27640625,
                    0.28515625,
                    0.29953125,
                    0.29796875,
                    0.29046875,
                    0.28625,
                    0.28578125,
                    0.29640625,
                    0.28609375,
                    0.28265625,
                    0.2690625,
                    0.284375,
                    0.27078125,
                    0.2796875,
                    0.29,
                    0.28625,
                    0.28515625,
                    0.28625,
                    0.286875,
                    0.301875,
                    0.28828125,
                    0.283125,
                    0.28765625,
                    0.290625,
                    0.288125,
                    0.28828125,
                    0.284375,
                    0.29078125,
                    0.29890625,
                    0.30015625,
                    0.2928125,
                    0.2875,
                    0.28390625,
                    0.2965625,
                    0.2796875,
                    0.285625,
                    0.27453125
                ],
                "cur_sim": 0.27453125
            }
        ]
    ]
}