{
    "appearance_style": [
        0.26415284863945576,
        [
            {
                "video_path": "/nfs/oagrawal/CogVideo/vbench_eval_easycache/videos/cog_ec_baseline/A beautiful coastal beach in spring, waves lapping on sand, Van Gogh style-0.mp4",
                "video_results": 0.23291135204081637,
                "frame_results": [
                    0.24015625,
                    0.23640625,
                    0.2421875,
                    0.2334375,
                    0.2340625,
                    0.22421875,
                    0.23234375,
                    0.23015625,
                    0.23375,
                    0.21921875,
                    0.2228125,
                    0.23046875,
                    0.234375,
                    0.22640625,
                    0.2321875,
                    0.2296875,
                    0.2296875,
                    0.23890625,
                    0.23484375,
                    0.2371875,
                    0.23609375,
                    0.23515625,
                    0.225,
                    0.2240625,
                    0.2275,
                    0.22828125,
                    0.22859375,
                    0.233125,
                    0.23734375,
                    0.2409375,
                    0.23609375,
                    0.235,
                    0.23640625,
                    0.23421875,
                    0.233125,
                    0.2284375,
                    0.22703125,
                    0.23703125,
                    0.2428125,
                    0.2396875,
                    0.24265625,
                    0.2384375,
                    0.2325,
                    0.2290625,
                    0.2296875,
                    0.234375,
                    0.2384375,
                    0.23234375,
                    0.22671875
                ],
                "cur_sim": 0.22671875
            },
            {
                "video_path": "/nfs/oagrawal/CogVideo/vbench_eval_easycache/videos/cog_ec_baseline/A beautiful coastal beach in spring, waves lapping on sand, oil painting-0.mp4",
                "video_results": 0.2394483418367347,
                "frame_results": [
                    0.25484375,
                    0.2509375,
                    0.24734375,
                    0.241875,
                    0.24546875,
                    0.24796875,
                    0.24171875,
                    0.2415625,
                    0.239375,
                    0.23984375,
                    0.2371875,
                    0.23265625,
                    0.24640625,
                    0.2378125,
                    0.246875,
                    0.23515625,
                    0.2309375,
                    0.23078125,
                    0.23296875,
                    0.23921875,
                    0.23765625,
                    0.2359375,
                    0.22875,
                    0.2440625,
                    0.23796875,
                    0.2328125,
                    0.225,
                    0.24734375,
                    0.2375,
                    0.2475,
                    0.2425,
                    0.24546875,
                    0.245625,
                    0.24328125,
                    0.24453125,
                    0.2440625,
                    0.24171875,
                    0.23453125,
                    0.24734375,
                    0.23859375,
                    0.2403125,
                    0.23671875,
                    0.2303125,
                    0.235625,
                    0.23328125,
                    0.23421875,
                    0.22625,
                    0.233125,
                    0.24
                ],
                "cur_sim": 0.24
            },
            {
                "video_path": "/nfs/oagrawal/CogVideo/vbench_eval_easycache/videos/cog_ec_baseline/A beautiful coastal beach in spring, waves lapping on sand by Hokusai, in the style of Ukiyo-0.mp4",
                "video_results": 0.32009885204081634,
                "frame_results": [
                    0.3109375,
                    0.30609375,
                    0.2996875,
                    0.3125,
                    0.31640625,
                    0.31546875,
                    0.31890625,
                    0.324375,
                    0.3196875,
                    0.3175,
                    0.325625,
                    0.330625,
                    0.3228125,
                    0.3278125,
                    0.326875,
                    0.3240625,
                    0.3253125,
                    0.3246875,
                    0.3275,
                    0.33,
                    0.3309375,
                    0.3340625,
                    0.335,
                    0.324375,
                    0.31984375,
                    0.31734375,
                    0.3221875,
                    0.3328125,
                    0.3209375,
                    0.31609375,
                    0.3153125,
                    0.3290625,
                    0.3209375,
                    0.325,
                    0.3271875,
                    0.3209375,
                    0.3,
                    0.3096875,
                    0.30859375,
                    0.32875,
                    0.3159375,
                    0.31203125,
                    0.29296875,
                    0.31703125,
                    0.31375,
                    0.31859375,
                    0.3296875,
                    0.325,
                    0.31390625
                ],
                "cur_sim": 0.31390625
            }
        ]
    ]
}