{
    "appearance_style": [
        0.23526941872427976,
        [
            {
                "video_path": "/nfs/oagrawal/CogVideo/easycache_updated_exp/videos/cog_ec_adaptive_hi0.10_lo0.075_f13_l8/A beautiful coastal beach in spring, waves lapping on sand, Van Gogh style-0.mp4",
                "video_results": 0.20422646604938272,
                "frame_results": [
                    0.21109375,
                    0.210625,
                    0.205625,
                    0.1946875,
                    0.19671875,
                    0.198125,
                    0.20140625,
                    0.20328125,
                    0.2009375,
                    0.20171875,
                    0.20171875,
                    0.206875,
                    0.2034375,
                    0.198125,
                    0.1978125,
                    0.20125,
                    0.198125,
                    0.1996875,
                    0.19546875,
                    0.19859375,
                    0.19703125,
                    0.208125,
                    0.20203125,
                    0.20921875,
                    0.21234375,
                    0.20765625,
                    0.20734375,
                    0.20796875,
                    0.20765625,
                    0.20109375,
                    0.205,
                    0.2109375,
                    0.2140625,
                    0.21578125,
                    0.20625,
                    0.20546875,
                    0.19765625,
                    0.20890625,
                    0.204375,
                    0.200625,
                    0.20046875,
                    0.19953125,
                    0.2040625,
                    0.20796875,
                    0.2059375,
                    0.2065625,
                    0.2028125,
                    0.21046875,
                    0.1996875,
                    0.208125,
                    0.20109375,
                    0.2053125,
                    0.2175,
                    0.21125,
                    0.2103125,
                    0.20078125,
                    0.21390625,
                    0.199375,
                    0.19859375,
                    0.19671875,
                    0.20015625,
                    0.20421875,
                    0.203125,
                    0.20171875,
                    0.2028125,
                    0.210625,
                    0.2090625,
                    0.2046875,
                    0.20390625,
                    0.206875,
                    0.21625,
                    0.2059375,
                    0.20390625,
                    0.198125,
                    0.20828125,
                    0.205625,
                    0.20234375,
                    0.1984375,
                    0.20078125,
                    0.19984375,
                    0.2003125
                ],
                "cur_sim": 0.2003125
            },
            {
                "video_path": "/nfs/oagrawal/CogVideo/easycache_updated_exp/videos/cog_ec_adaptive_hi0.10_lo0.075_f13_l8/A beautiful coastal beach in spring, waves lapping on sand, oil painting-0.mp4",
                "video_results": 0.21922646604938273,
                "frame_results": [
                    0.22796875,
                    0.22359375,
                    0.22078125,
                    0.22015625,
                    0.2234375,
                    0.21921875,
                    0.21984375,
                    0.218125,
                    0.2165625,
                    0.2171875,
                    0.22015625,
                    0.2259375,
                    0.22546875,
                    0.225625,
                    0.2225,
                    0.219375,
                    0.2171875,
                    0.2215625,
                    0.22515625,
                    0.22421875,
                    0.225,
                    0.22421875,
                    0.22359375,
                    0.22359375,
                    0.2203125,
                    0.21921875,
                    0.2221875,
                    0.2209375,
                    0.22203125,
                    0.22296875,
                    0.2296875,
                    0.2271875,
                    0.225625,
                    0.22390625,
                    0.22265625,
                    0.2225,
                    0.22109375,
                    0.2209375,
                    0.22078125,
                    0.220625,
                    0.22015625,
                    0.2196875,
                    0.2175,
                    0.2184375,
                    0.2165625,
                    0.21828125,
                    0.219375,
                    0.21921875,
                    0.2175,
                    0.22046875,
                    0.21953125,
                    0.21953125,
                    0.2171875,
                    0.21359375,
                    0.21328125,
                    0.21546875,
                    0.21765625,
                    0.21515625,
                    0.2140625,
                    0.2140625,
                    0.21453125,
                    0.21625,
                    0.21890625,
                    0.21359375,
                    0.214375,
                    0.21671875,
                    0.21328125,
                    0.21421875,
                    0.21328125,
                    0.21203125,
                    0.21875,
                    0.213125,
                    0.2121875,
                    0.2140625,
                    0.2153125,
                    0.21875,
                    0.21984375,
                    0.2140625,
                    0.21484375,
                    0.21375,
                    0.215625
                ],
                "cur_sim": 0.215625
            },
            {
                "video_path": "/nfs/oagrawal/CogVideo/easycache_updated_exp/videos/cog_ec_adaptive_hi0.10_lo0.075_f13_l8/A beautiful coastal beach in spring, waves lapping on sand by Hokusai, in the style of Ukiyo-0.mp4",
                "video_results": 0.2823553240740741,