{
    "appearance_style": [
        0.23877700617283956,
        [
            {
                "video_path": "/nfs/oagrawal/CogVideo/easycache_updated_exp/videos/cog_ec_fixed_0.15/A beautiful coastal beach in spring, waves lapping on sand, Van Gogh style-0.mp4",
                "video_results": 0.21663194444444447,
                "frame_results": [
                    0.23484375,
                    0.23703125,
                    0.2259375,
                    0.22203125,
                    0.21671875,
                    0.21953125,
                    0.20953125,
                    0.20859375,
                    0.20984375,
                    0.21078125,
                    0.211875,
                    0.2090625,
                    0.20828125,
                    0.22046875,
                    0.215,
                    0.22,
                    0.21609375,
                    0.2059375,
                    0.20875,
                    0.20984375,
                    0.2134375,
                    0.208125,
                    0.2096875,
                    0.21546875,
                    0.2159375,
                    0.2184375,
                    0.23125,
                    0.2315625,
                    0.22546875,
                    0.20828125,
                    0.21609375,
                    0.21921875,
                    0.2196875,
                    0.229375,
                    0.22625,
                    0.2215625,
                    0.223125,
                    0.21359375,
                    0.21359375,
                    0.21796875,
                    0.2103125,
                    0.21546875,
                    0.21765625,
                    0.22015625,
                    0.21625,
                    0.21125,
                    0.20890625,
                    0.21,
                    0.21078125,
                    0.22578125,
                    0.22109375,
                    0.21671875,
                    0.21390625,
                    0.20703125,
                    0.2140625,
                    0.21265625,
                    0.2046875,
                    0.20765625,
                    0.2084375,
                    0.2065625,
                    0.20921875,
                    0.2246875,
                    0.2225,
                    0.2134375,
                    0.22375,
                    0.233125,
                    0.2325,
                    0.230625,
                    0.22328125,
                    0.218125,
                    0.2125,
                    0.2153125,
                    0.2134375,
                    0.21640625,
                    0.21296875,
                    0.2140625,
                    0.20828125,
                    0.2134375,
                    0.21765625,
                    0.2171875,
                    0.21703125
                ],
                "cur_sim": 0.21703125
            },
            {
                "video_path": "/nfs/oagrawal/CogVideo/easycache_updated_exp/videos/cog_ec_fixed_0.15/A beautiful coastal beach in spring, waves lapping on sand, oil painting-0.mp4",
                "video_results": 0.2294193672839506,
                "frame_results": [
                    0.2465625,
                    0.24515625,
                    0.23203125,
                    0.22921875,
                    0.2275,
                    0.228125,
                    0.22453125,
                    0.2259375,
                    0.22828125,
                    0.22609375,
                    0.2375,
                    0.23375,
                    0.2353125,
                    0.233125,
                    0.231875,
                    0.2321875,
                    0.2315625,
                    0.23328125,
                    0.233125,
                    0.2296875,
                    0.23984375,
                    0.23640625,
                    0.23203125,
                    0.22890625,
                    0.23,
                    0.2334375,
                    0.23125,
                    0.23328125,
                    0.2359375,
                    0.234375,
                    0.2403125,
                    0.2384375,
                    0.235,
                    0.23765625,
                    0.23484375,
                    0.231875,
                    0.23109375,
                    0.24515625,
                    0.2434375,
                    0.24140625,
                    0.23875,
                    0.24359375,
                    0.23796875,
                    0.23671875,
                    0.23359375,
                    0.22375,
                    0.223125,
                    0.22734375,
                    0.2278125,
                    0.226875,
                    0.22890625,
                    0.2334375,
                    0.2325,
                    0.22109375,
                    0.21796875,
                    0.21953125,
                    0.22078125,
                    0.22109375,
                    0.22109375,
                    0.22,
                    0.21953125,
                    0.2215625,
                    0.223125,
                    0.22328125,
                    0.221875,
                    0.22875,
                    0.2259375,
                    0.2215625,
                    0.223125,
                    0.22296875,
                    0.22203125,
                    0.22203125,
                    0.2228125,
                    0.22671875,
                    0.22578125,
                    0.22390625,
                    0.225625,
                    0.21640625,
                    0.21546875,
                    0.21671875,
                    0.21828125
                ],
                "cur_sim": 0.21828125
            },
            {
                "video_path": "/nfs/oagrawal/CogVideo/easycache_updated_exp/videos/cog_ec_fixed_0.15/A beautiful coastal beach in spring, waves lapping on sand by Hokusai, in the style of Ukiyo-0.mp4",
                "video_results": 0.2702797067901235,