{
    "appearance_style": [
        0.2374819958847736,
        [
            {
                "video_path": "/nfs/oagrawal/CogVideo/easycache_updated_exp/videos/cog_ec_fixed_0.125/A beautiful coastal beach in spring, waves lapping on sand, Van Gogh style-0.mp4",
                "video_results": 0.20970293209876542,
                "frame_results": [
                    0.2309375,
                    0.2240625,
                    0.21203125,
                    0.20625,
                    0.20546875,
                    0.208125,
                    0.20390625,
                    0.20359375,
                    0.201875,
                    0.204375,
                    0.2065625,
                    0.2140625,
                    0.20765625,
                    0.2028125,
                    0.2078125,
                    0.20828125,
                    0.20671875,
                    0.20359375,
                    0.20296875,
                    0.20546875,
                    0.20640625,
                    0.205,
                    0.20625,
                    0.20859375,
                    0.21140625,
                    0.2190625,
                    0.21578125,
                    0.21625,
                    0.215625,
                    0.2053125,
                    0.20546875,
                    0.209375,
                    0.2121875,
                    0.21390625,
                    0.2128125,
                    0.21359375,
                    0.2184375,
                    0.2053125,
                    0.20828125,
                    0.20640625,
                    0.20359375,
                    0.20421875,
                    0.21015625,
                    0.21203125,
                    0.2075,
                    0.20859375,
                    0.203125,
                    0.20671875,
                    0.2090625,
                    0.21203125,
                    0.21203125,
                    0.21078125,
                    0.205625,
                    0.19859375,
                    0.20265625,
                    0.20796875,
                    0.20515625,
                    0.20671875,
                    0.20640625,
                    0.20296875,
                    0.20625,
                    0.21671875,
                    0.2128125,
                    0.20796875,
                    0.2096875,
                    0.22828125,
                    0.2203125,
                    0.2284375,
                    0.218125,
                    0.2153125,
                    0.2090625,
                    0.2153125,
                    0.21,
                    0.21125,
                    0.20921875,
                    0.20296875,
                    0.201875,
                    0.2078125,
                    0.2128125,
                    0.2134375,
                    0.2103125
                ],
                "cur_sim": 0.2103125
            },
            {
                "video_path": "/nfs/oagrawal/CogVideo/easycache_updated_exp/videos/cog_ec_fixed_0.125/A beautiful coastal beach in spring, waves lapping on sand, oil painting-0.mp4",
                "video_results": 0.22391589506172838,
                "frame_results": [
                    0.2434375,
                    0.2325,
                    0.2225,
                    0.22078125,
                    0.21984375,
                    0.22046875,
                    0.22328125,
                    0.22265625,
                    0.220625,
                    0.2209375,
                    0.22484375,
                    0.2221875,
                    0.22359375,
                    0.23109375,
                    0.22875,
                    0.22984375,
                    0.22359375,
                    0.22578125,
                    0.23328125,
                    0.23890625,
                    0.2321875,
                    0.2315625,
                    0.235625,
                    0.22953125,
                    0.22796875,
                    0.225625,
                    0.2259375,
                    0.22625,
                    0.2284375,
                    0.2284375,
                    0.2253125,
                    0.2284375,
                    0.2259375,
                    0.2315625,
                    0.2340625,
                    0.2334375,
                    0.23015625,
                    0.225625,
                    0.224375,
                    0.226875,
                    0.22734375,
                    0.22859375,
                    0.23359375,
                    0.23515625,
                    0.23234375,
                    0.22078125,
                    0.220625,
                    0.218125,
                    0.22046875,
                    0.22296875,
                    0.22640625,
                    0.22890625,
                    0.2234375,
                    0.215,
                    0.21359375,
                    0.21578125,
                    0.21625,
                    0.21671875,
                    0.21625,
                    0.2184375,
                    0.215625,
                    0.21578125,
                    0.21828125,
                    0.21984375,
                    0.21890625,
                    0.2184375,
                    0.21921875,
                    0.2184375,
                    0.21640625,
                    0.21765625,
                    0.22421875,
                    0.21859375,
                    0.21703125,
                    0.21546875,
                    0.219375,
                    0.22140625,
                    0.22,
                    0.2178125,
                    0.2140625,
                    0.216875,
                    0.21671875
                ],
                "cur_sim": 0.21671875
            },
            {
                "video_path": "/nfs/oagrawal/CogVideo/easycache_updated_exp/videos/cog_ec_fixed_0.125/A beautiful coastal beach in spring, waves lapping on sand by Hokusai, in the style of Ukiyo-0.mp4",
                "video_results": 0.27882716049382716,