{
    "appearance_style": [
        0.25675668724279815,
        [
            {
                "video_path": "/nfs/oagrawal/CogVideo/dicache_results/videos/cog_dc_fixed_0.10/A beautiful coastal beach in spring, waves lapping on sand, Van Gogh style-0.mp4",
                "video_results": 0.19746913580246914,
                "frame_results": [
                    0.21359375,
                    0.2171875,
                    0.2128125,
                    0.20671875,
                    0.19859375,
                    0.195625,
                    0.2096875,
                    0.2025,
                    0.2065625,
                    0.2053125,
                    0.203125,
                    0.21484375,
                    0.2084375,
                    0.204375,
                    0.19546875,
                    0.20296875,
                    0.19484375,
                    0.188125,
                    0.19375,
                    0.19234375,
                    0.18859375,
                    0.1925,
                    0.18875,
                    0.19125,
                    0.1984375,
                    0.20859375,
                    0.20984375,
                    0.1984375,
                    0.19296875,
                    0.19,
                    0.196875,
                    0.18875,
                    0.19859375,
                    0.194375,
                    0.2021875,
                    0.20171875,
                    0.2021875,
                    0.203125,
                    0.20859375,
                    0.1990625,
                    0.19859375,
                    0.201875,
                    0.20640625,
                    0.20734375,
                    0.19375,
                    0.1953125,
                    0.190625,
                    0.190625,
                    0.200625,
                    0.1896875,
                    0.1934375,
                    0.20390625,
                    0.19515625,
                    0.19375,
                    0.19234375,
                    0.19234375,
                    0.1959375,
                    0.1990625,
                    0.193125,
                    0.19578125,
                    0.188125,
                    0.189375,
                    0.19078125,
                    0.189375,
                    0.19171875,
                    0.19015625,
                    0.19359375,
                    0.195625,
                    0.1878125,
                    0.18921875,
                    0.19171875,
                    0.19078125,
                    0.191875,
                    0.18984375,
                    0.1934375,
                    0.190625,
                    0.19046875,
                    0.19921875,
                    0.19984375,
                    0.204375,
                    0.195625
                ],
                "cur_sim": 0.195625
            },
            {
                "video_path": "/nfs/oagrawal/CogVideo/dicache_results/videos/cog_dc_fixed_0.10/A beautiful coastal beach in spring, waves lapping on sand, oil painting-0.mp4",
                "video_results": 0.2657561728395062,
                "frame_results": [
                    0.256875,
                    0.25609375,
                    0.25953125,
                    0.25875,
                    0.25953125,
                    0.25890625,
                    0.2628125,
                    0.264375,
                    0.26546875,
                    0.2640625,
                    0.26265625,
                    0.26203125,
                    0.26265625,
                    0.26328125,
                    0.26234375,
                    0.2634375,
                    0.26265625,
                    0.26265625,
                    0.26328125,
                    0.2634375,
                    0.26328125,
                    0.26453125,
                    0.26421875,
                    0.264375,
                    0.26671875,
                    0.26640625,
                    0.266875,
                    0.26703125,
                    0.26796875,
                    0.2659375,
                    0.26515625,
                    0.26515625,
                    0.26625,
                    0.26578125,
                    0.26640625,
                    0.26671875,
                    0.26640625,
                    0.26640625,
                    0.2675,
                    0.26796875,
                    0.2684375,
                    0.265625,
                    0.26453125,
                    0.2653125,
                    0.26515625,
                    0.26453125,
                    0.2653125,
                    0.2646875,
                    0.264375,
                    0.264375,
                    0.26359375,
                    0.26734375,
                    0.26859375,
                    0.26859375,
                    0.26875,
                    0.2671875,
                    0.268125,
                    0.2690625,
                    0.269375,
                    0.26859375,
                    0.269375,
                    0.268125,
                    0.2690625,
                    0.268125,
                    0.2684375,
                    0.268125,
                    0.2690625,
                    0.27140625,
                    0.26953125,
                    0.269375,
                    0.2703125,
                    0.269375,
                    0.26859375,
                    0.269375,
                    0.26890625,
                    0.266875,
                    0.266875,
                    0.26625,
                    0.2665625,
                    0.2671875,
                    0.2678125
                ],
                "cur_sim": 0.2678125
            },
            {
                "video_path": "/nfs/oagrawal/CogVideo/dicache_results/videos/cog_dc_fixed_0.10/A beautiful coastal beach in spring, waves lapping on sand by Hokusai, in the style of Ukiyo-0.mp4",
                "video_results": 0.30704475308641976,