{
    "appearance_style": [
        0.23734632201646103,
        [
            {
                "video_path": "/nfs/oagrawal/CogVideo/vbench_eval/videos/cogvideo_fixed_0.3/A beautiful coastal beach in spring, waves lapping on sand, Van Gogh style-0.mp4",
                "video_results": 0.2151466049382716,
                "frame_results": [
                    0.2328125,
                    0.2253125,
                    0.2271875,
                    0.22359375,
                    0.221875,
                    0.214375,
                    0.2146875,
                    0.21734375,
                    0.21640625,
                    0.21140625,
                    0.21078125,
                    0.2134375,
                    0.2103125,
                    0.2121875,
                    0.21359375,
                    0.2121875,
                    0.21046875,
                    0.21328125,
                    0.21515625,
                    0.2196875,
                    0.21921875,
                    0.21578125,
                    0.21578125,
                    0.2196875,
                    0.2196875,
                    0.2246875,
                    0.22390625,
                    0.22296875,
                    0.2246875,
                    0.2171875,
                    0.219375,
                    0.21640625,
                    0.2146875,
                    0.2184375,
                    0.21890625,
                    0.22078125,
                    0.21640625,
                    0.22265625,
                    0.22296875,
                    0.22265625,
                    0.2221875,
                    0.21453125,
                    0.21296875,
                    0.21453125,
                    0.21203125,
                    0.21078125,
                    0.21140625,
                    0.211875,
                    0.21046875,
                    0.21140625,
                    0.20875,
                    0.21078125,
                    0.2053125,
                    0.20375,
                    0.20453125,
                    0.2078125,
                    0.2078125,
                    0.21109375,
                    0.21015625,
                    0.21171875,
                    0.21,
                    0.2121875,
                    0.2140625,
                    0.2146875,
                    0.21796875,
                    0.22125,
                    0.2175,
                    0.218125,
                    0.21921875,
                    0.21984375,
                    0.21640625,
                    0.21796875,
                    0.215625,
                    0.209375,
                    0.21140625,
                    0.20734375,
                    0.20921875,
                    0.20515625,
                    0.20703125,
                    0.2075,
                    0.208125
                ],
                "cur_sim": 0.208125
            },
            {
                "video_path": "/nfs/oagrawal/CogVideo/vbench_eval/videos/cogvideo_fixed_0.3/A beautiful coastal beach in spring, waves lapping on sand, oil painting-0.mp4",
                "video_results": 0.2203279320987654,
                "frame_results": [
                    0.22140625,
                    0.2228125,
                    0.21890625,
                    0.21828125,
                    0.22,
                    0.2259375,
                    0.2190625,
                    0.21703125,
                    0.218125,
                    0.21734375,
                    0.22109375,
                    0.219375,
                    0.21890625,
                    0.2221875,
                    0.21875,
                    0.21640625,
                    0.2190625,
                    0.2225,
                    0.223125,
                    0.21921875,
                    0.21875,
                    0.2184375,
                    0.220625,
                    0.2190625,
                    0.22125,
                    0.218125,
                    0.22125,
                    0.2203125,
                    0.21796875,
                    0.2184375,
                    0.22203125,
                    0.22453125,
                    0.22375,
                    0.2225,
                    0.22109375,
                    0.224375,
                    0.22328125,
                    0.225,
                    0.22328125,
                    0.22078125,
                    0.22171875,
                    0.22359375,
                    0.231875,
                    0.224375,
                    0.2190625,
                    0.223125,
                    0.22328125,
                    0.223125,
                    0.22296875,
                    0.216875,
                    0.2196875,
                    0.21796875,
                    0.22265625,
                    0.22515625,
                    0.22671875,
                    0.2246875,
                    0.22515625,
                    0.22,
                    0.21875,
                    0.21609375,
                    0.215625,
                    0.215625,
                    0.21515625,
                    0.21640625,
                    0.21640625,
                    0.219375,
                    0.22171875,
                    0.2153125,
                    0.2159375,
                    0.219375,
                    0.21796875,
                    0.21953125,
                    0.2190625,
                    0.2178125,
                    0.21703125,
                    0.22203125,
                    0.2234375,
                    0.21796875,
                    0.2196875,
                    0.214375,
                    0.21546875
                ],
                "cur_sim": 0.21546875
            },
            {
                "video_path": "/nfs/oagrawal/CogVideo/vbench_eval/videos/cogvideo_fixed_0.3/A beautiful coastal beach in spring, waves lapping on sand by Hokusai, in the style of Ukiyo-0.mp4",
                "video_results": 0.2765644290123456,