{
    "appearance_style": [
        0.25337834362139916,
        [
            {
                "video_path": "/nfs/oagrawal/CogVideo/dicache_results/videos/cog_dc_adaptive_hi0.50_lo0.20/A beautiful coastal beach in spring, waves lapping on sand, Van Gogh style-0.mp4",
                "video_results": 0.22424189814814816,
                "frame_results": [
                    0.23328125,
                    0.2234375,
                    0.2265625,
                    0.224375,
                    0.21671875,
                    0.22390625,
                    0.2165625,
                    0.21953125,
                    0.21984375,
                    0.22046875,
                    0.22609375,
                    0.22609375,
                    0.2290625,
                    0.216875,
                    0.2175,
                    0.21609375,
                    0.21421875,
                    0.21453125,
                    0.22,
                    0.2153125,
                    0.21578125,
                    0.21421875,
                    0.2209375,
                    0.22671875,
                    0.2253125,
                    0.22734375,
                    0.23234375,
                    0.231875,
                    0.236875,
                    0.2253125,
                    0.2315625,
                    0.22390625,
                    0.22171875,
                    0.22453125,
                    0.22390625,
                    0.22421875,
                    0.2221875,
                    0.2278125,
                    0.2328125,
                    0.24125,
                    0.22734375,
                    0.2109375,
                    0.2178125,
                    0.210625,
                    0.2159375,
                    0.2025,
                    0.22265625,
                    0.22765625,
                    0.2225,
                    0.21828125,
                    0.20734375,
                    0.215625,
                    0.21265625,
                    0.2078125,
                    0.21453125,
                    0.22640625,
                    0.2221875,
                    0.22296875,
                    0.22828125,
                    0.2303125,
                    0.22515625,
                    0.22171875,
                    0.218125,
                    0.2253125,
                    0.22890625,
                    0.22546875,
                    0.22671875,
                    0.23671875,
                    0.23890625,
                    0.22375,
                    0.230625,
                    0.24296875,
                    0.2475,
                    0.2259375,
                    0.2378125,
                    0.24265625,
                    0.23640625,
                    0.22125,
                    0.22265625,
                    0.23546875,
                    0.2340625
                ],
                "cur_sim": 0.2340625
            },
            {
                "video_path": "/nfs/oagrawal/CogVideo/dicache_results/videos/cog_dc_adaptive_hi0.50_lo0.20/A beautiful coastal beach in spring, waves lapping on sand, oil painting-0.mp4",
                "video_results": 0.23271026234567904,
                "frame_results": [
                    0.24734375,
                    0.24734375,
                    0.235,
                    0.23546875,
                    0.235,
                    0.23515625,
                    0.23390625,
                    0.2259375,
                    0.2234375,
                    0.2234375,
                    0.22546875,
                    0.22765625,
                    0.22640625,
                    0.2325,
                    0.22984375,
                    0.22703125,
                    0.22765625,
                    0.226875,
                    0.23421875,
                    0.23390625,
                    0.22984375,
                    0.22859375,
                    0.23375,
                    0.24359375,
                    0.23921875,
                    0.23296875,
                    0.2328125,
                    0.2378125,
                    0.235,
                    0.23734375,
                    0.23484375,
                    0.2421875,
                    0.241875,
                    0.2453125,
                    0.23984375,
                    0.23671875,
                    0.23625,
                    0.236875,
                    0.250625,
                    0.246875,
                    0.24734375,
                    0.24609375,
                    0.23734375,
                    0.23546875,
                    0.23625,
                    0.225,
                    0.2346875,
                    0.2375,
                    0.2309375,
                    0.22296875,
                    0.22140625,
                    0.21875,
                    0.21796875,
                    0.22078125,
                    0.21984375,
                    0.2315625,
                    0.23171875,
                    0.226875,
                    0.22734375,
                    0.22578125,
                    0.226875,
                    0.228125,
                    0.22671875,
                    0.22109375,
                    0.2253125,
                    0.225625,
                    0.23390625,
                    0.235625,
                    0.2346875,
                    0.2325,
                    0.23796875,
                    0.24390625,
                    0.24,
                    0.2384375,
                    0.23234375,
                    0.22921875,
                    0.23671875,
                    0.22984375,
                    0.2278125,
                    0.22359375,
                    0.22765625
                ],
                "cur_sim": 0.22765625
            },
            {
                "video_path": "/nfs/oagrawal/CogVideo/dicache_results/videos/cog_dc_adaptive_hi0.50_lo0.20/A beautiful coastal beach in spring, waves lapping on sand by Hokusai, in the style of Ukiyo-0.mp4",
                "video_results": 0.3031828703703704,