{
    "appearance_style": [
        0.24013245884773668,
        [
            {
                "video_path": "/nfs/oagrawal/CogVideo/vbench_eval/videos/cogvideo_baseline/A beautiful coastal beach in spring, waves lapping on sand, Van Gogh style-0.mp4",
                "video_results": 0.20081790123456789,
                "frame_results": [
                    0.20375,
                    0.20390625,
                    0.2084375,
                    0.206875,
                    0.20375,
                    0.20765625,
                    0.21109375,
                    0.20953125,
                    0.20640625,
                    0.20625,
                    0.2084375,
                    0.21203125,
                    0.21109375,
                    0.209375,
                    0.21328125,
                    0.2109375,
                    0.20984375,
                    0.20421875,
                    0.21078125,
                    0.2084375,
                    0.20828125,
                    0.21171875,
                    0.21234375,
                    0.20234375,
                    0.1946875,
                    0.1984375,
                    0.19640625,
                    0.19359375,
                    0.19953125,
                    0.204375,
                    0.20875,
                    0.193125,
                    0.20703125,
                    0.2125,
                    0.2015625,
                    0.2078125,
                    0.203125,
                    0.205,
                    0.1965625,
                    0.20015625,
                    0.19546875,
                    0.203125,
                    0.19546875,
                    0.19453125,
                    0.19375,
                    0.19796875,
                    0.19890625,
                    0.2028125,
                    0.200625,
                    0.2003125,
                    0.19453125,
                    0.193125,
                    0.1915625,
                    0.19375,
                    0.195625,
                    0.2021875,
                    0.1990625,
                    0.19109375,
                    0.1915625,
                    0.1925,
                    0.19125,
                    0.19046875,
                    0.19046875,
                    0.19359375,
                    0.1915625,
                    0.191875,
                    0.19328125,
                    0.1915625,
                    0.19046875,
                    0.194375,
                    0.195625,
                    0.1996875,
                    0.1975,
                    0.1965625,
                    0.20125,
                    0.20015625,
                    0.1934375,
                    0.2071875,
                    0.205625,
                    0.20234375,
                    0.1965625
                ],
                "cur_sim": 0.1965625
            },
            {
                "video_path": "/nfs/oagrawal/CogVideo/vbench_eval/videos/cogvideo_baseline/A beautiful coastal beach in spring, waves lapping on sand, oil painting-0.mp4",
                "video_results": 0.22073881172839505,
                "frame_results": [
                    0.23515625,
                    0.2365625,
                    0.229375,
                    0.2228125,
                    0.22140625,
                    0.221875,
                    0.22375,
                    0.2228125,
                    0.22203125,
                    0.22625,
                    0.225625,
                    0.22875,
                    0.2259375,
                    0.221875,
                    0.21921875,
                    0.21703125,
                    0.21671875,
                    0.21796875,
                    0.225625,
                    0.218125,
                    0.22015625,
                    0.22203125,
                    0.2209375,
                    0.2203125,
                    0.22640625,
                    0.2178125,
                    0.22703125,
                    0.22234375,
                    0.22765625,
                    0.22,
                    0.21671875,
                    0.21734375,
                    0.2203125,
                    0.23171875,
                    0.22890625,
                    0.22109375,
                    0.223125,
                    0.22375,
                    0.22109375,
                    0.2228125,
                    0.22515625,
                    0.22453125,
                    0.2203125,
                    0.23140625,
                    0.2196875,
                    0.22046875,
                    0.2275,
                    0.2284375,
                    0.21828125,
                    0.2175,
                    0.214375,
                    0.215,
                    0.213125,
                    0.213125,
                    0.2146875,
                    0.21671875,
                    0.22125,
                    0.215625,
                    0.2159375,
                    0.2140625,
                    0.21359375,
                    0.21328125,
                    0.21484375,
                    0.21734375,
                    0.2184375,
                    0.215625,
                    0.2140625,
                    0.21296875,
                    0.215,
                    0.21734375,
                    0.21703125,
                    0.21671875,
                    0.21765625,
                    0.22125,
                    0.22,
                    0.2215625,
                    0.2215625,
                    0.21796875,
                    0.21765625,
                    0.22046875,
                    0.2178125
                ],
                "cur_sim": 0.2178125
            },
            {
                "video_path": "/nfs/oagrawal/CogVideo/vbench_eval/videos/cogvideo_baseline/A beautiful coastal beach in spring, waves lapping on sand by Hokusai, in the style of Ukiyo-0.mp4",
                "video_results": 0.29884066358024686,