{
    "appearance_style": [
        0.25488201530612264,
        [
            {
                "video_path": "/nfs/oagrawal/CogVideo/vbench_eval_easycache/videos/cog_ec_fixed_0.10/A beautiful coastal beach in spring, waves lapping on sand, Van Gogh style-0.mp4",
                "video_results": 0.22331632653061223,
                "frame_results": [
                    0.24265625,
                    0.2403125,
                    0.23765625,
                    0.22609375,
                    0.23234375,
                    0.21609375,
                    0.22453125,
                    0.23015625,
                    0.2290625,
                    0.22890625,
                    0.22390625,
                    0.22546875,
                    0.22234375,
                    0.2196875,
                    0.2234375,
                    0.2290625,
                    0.22921875,
                    0.21515625,
                    0.2175,
                    0.21984375,
                    0.21671875,
                    0.22453125,
                    0.225,
                    0.22203125,
                    0.2165625,
                    0.2325,
                    0.22515625,
                    0.22296875,
                    0.22453125,
                    0.2325,
                    0.2278125,
                    0.2225,
                    0.22265625,
                    0.221875,
                    0.22015625,
                    0.2275,
                    0.22,
                    0.22046875,
                    0.21796875,
                    0.22109375,
                    0.23,
                    0.210625,
                    0.213125,
                    0.214375,
                    0.21046875,
                    0.20890625,
                    0.215625,
                    0.22171875,
                    0.2196875
                ],
                "cur_sim": 0.2196875
            },
            {
                "video_path": "/nfs/oagrawal/CogVideo/vbench_eval_easycache/videos/cog_ec_fixed_0.10/A beautiful coastal beach in spring, waves lapping on sand, oil painting-0.mp4",
                "video_results": 0.23893494897959186,
                "frame_results": [
                    0.25109375,
                    0.2415625,
                    0.2528125,
                    0.2475,
                    0.238125,
                    0.23640625,
                    0.2340625,
                    0.244375,
                    0.23640625,
                    0.231875,
                    0.22984375,
                    0.233125,
                    0.23859375,
                    0.2428125,
                    0.2375,
                    0.23828125,
                    0.23328125,
                    0.23484375,
                    0.244375,
                    0.23609375,
                    0.23890625,
                    0.23046875,
                    0.2328125,
                    0.24765625,
                    0.24546875,
                    0.2340625,
                    0.2303125,
                    0.236875,
                    0.2303125,
                    0.2421875,
                    0.23265625,
                    0.2340625,
                    0.2325,
                    0.22984375,
                    0.2378125,
                    0.23703125,
                    0.23515625,
                    0.2375,
                    0.24765625,
                    0.24453125,
                    0.243125,
                    0.2365625,
                    0.238125,
                    0.244375,
                    0.24671875,
                    0.2403125,
                    0.23546875,
                    0.25328125,
                    0.2490625
                ],
                "cur_sim": 0.2490625
            },
            {
                "video_path": "/nfs/oagrawal/CogVideo/vbench_eval_easycache/videos/cog_ec_fixed_0.10/A beautiful coastal beach in spring, waves lapping on sand by Hokusai, in the style of Ukiyo-0.mp4",
                "video_results": 0.30239477040816326,
                "frame_results": [
                    0.31359375,
                    0.3096875,
                    0.2996875,
                    0.3240625,
                    0.3203125,
                    0.29984375,
                    0.3115625,
                    0.315625,
                    0.29734375,
                    0.3084375,
                    0.3209375,
                    0.30453125,
                    0.29953125,
                    0.3015625,
                    0.315625,
                    0.31765625,
                    0.3134375,
                    0.2975,
                    0.2896875,
                    0.29515625,
                    0.2934375,
                    0.29828125,
                    0.29203125,
                    0.2959375,
                    0.28875,
                    0.2734375,
                    0.29984375,
                    0.30921875,
                    0.3121875,
                    0.306875,
                    0.3196875,
                    0.30515625,
                    0.3121875,
                    0.30984375,
                    0.3075,
                    0.30171875,
                    0.29375,
                    0.29921875,
                    0.28796875,
                    0.30703125,
                    0.29984375,
                    0.2971875,
                    0.27953125,
                    0.29203125,
                    0.28171875,
                    0.30015625,
                    0.29625,
                    0.29953125,
                    0.30125
                ],
                "cur_sim": 0.30125
            }
        ]
    ]
}