{
    "appearance_style": [
        0.25718106995884776,
        [
            {
                "video_path": "/nfs/oagrawal/CogVideo/dicache_results/videos/cog_dc_fixed_0.30/A beautiful coastal beach in spring, waves lapping on sand, Van Gogh style-0.mp4",
                "video_results": 0.19377507716049383,
                "frame_results": [
                    0.2065625,
                    0.19390625,
                    0.19953125,
                    0.194375,
                    0.1903125,
                    0.18484375,
                    0.18796875,
                    0.185,
                    0.18765625,
                    0.19078125,
                    0.1921875,
                    0.18640625,
                    0.18796875,
                    0.1915625,
                    0.19109375,
                    0.19234375,
                    0.193125,
                    0.19390625,
                    0.1984375,
                    0.19234375,
                    0.19109375,
                    0.18921875,
                    0.1875,
                    0.19375,
                    0.186875,
                    0.18640625,
                    0.18390625,
                    0.18734375,
                    0.18234375,
                    0.18609375,
                    0.188125,
                    0.186875,
                    0.18734375,
                    0.19171875,
                    0.18859375,
                    0.19109375,
                    0.19328125,
                    0.195625,
                    0.1940625,
                    0.19203125,
                    0.188125,
                    0.19546875,
                    0.2003125,
                    0.20390625,
                    0.19953125,
                    0.19890625,
                    0.19609375,
                    0.19140625,
                    0.19703125,
                    0.19421875,
                    0.1925,
                    0.19390625,
                    0.2021875,
                    0.195,
                    0.195,
                    0.2034375,
                    0.20109375,
                    0.2046875,
                    0.1959375,
                    0.1928125,
                    0.1903125,
                    0.195,
                    0.19578125,
                    0.200625,
                    0.19078125,
                    0.19484375,
                    0.196875,
                    0.2134375,
                    0.2071875,
                    0.2021875,
                    0.2021875,
                    0.19453125,
                    0.195,
                    0.1903125,
                    0.19046875,
                    0.190625,
                    0.1909375,
                    0.2040625,
                    0.19375,
                    0.19671875,
                    0.195
                ],
                "cur_sim": 0.195
            },
            {
                "video_path": "/nfs/oagrawal/CogVideo/dicache_results/videos/cog_dc_fixed_0.30/A beautiful coastal beach in spring, waves lapping on sand, oil painting-0.mp4",
                "video_results": 0.2645659722222222,
                "frame_results": [
                    0.2625,
                    0.26328125,
                    0.2565625,
                    0.25640625,
                    0.25734375,
                    0.2565625,
                    0.25734375,
                    0.256875,
                    0.26,
                    0.26,
                    0.26265625,
                    0.2615625,
                    0.2621875,
                    0.26234375,
                    0.26125,
                    0.26265625,
                    0.261875,
                    0.26171875,
                    0.259375,
                    0.25953125,
                    0.26109375,
                    0.2625,
                    0.26484375,
                    0.26390625,
                    0.26421875,
                    0.2634375,
                    0.26265625,
                    0.265,
                    0.26515625,
                    0.26453125,
                    0.26421875,
                    0.26390625,
                    0.265,
                    0.265,
                    0.2653125,
                    0.26578125,
                    0.26578125,
                    0.26671875,
                    0.2665625,
                    0.2675,
                    0.26484375,
                    0.26484375,
                    0.26484375,
                    0.2659375,
                    0.265,
                    0.26546875,
                    0.2665625,
                    0.26625,
                    0.26515625,
                    0.26359375,
                    0.2634375,
                    0.2646875,
                    0.265625,
                    0.2659375,
                    0.26609375,
                    0.26609375,
                    0.2678125,
                    0.26734375,
                    0.266875,
                    0.2671875,
                    0.268125,
                    0.26734375,
                    0.2671875,
                    0.2653125,
                    0.2659375,
                    0.26625,
                    0.2675,
                    0.2678125,
                    0.26875,
                    0.26828125,
                    0.26828125,
                    0.26796875,
                    0.2675,
                    0.26703125,
                    0.266875,
                    0.26765625,
                    0.2684375,
                    0.26796875,
                    0.2684375,
                    0.26921875,
                    0.26921875
                ],
                "cur_sim": 0.26921875
            },
            {
                "video_path": "/nfs/oagrawal/CogVideo/dicache_results/videos/cog_dc_fixed_0.30/A beautiful coastal beach in spring, waves lapping on sand by Hokusai, in the style of Ukiyo-0.mp4",
                "video_results": 0.31320216049382715,