{
    "appearance_style": [
        0.24009645061728382,
        [
            {
                "video_path": "/nfs/oagrawal/CogVideo/vbench_eval/videos/cogvideo_fixed_0.1/A beautiful coastal beach in spring, waves lapping on sand, Van Gogh style-0.mp4",
                "video_results": 0.20381944444444441,
                "frame_results": [
                    0.21515625,
                    0.20984375,
                    0.21046875,
                    0.20453125,
                    0.2075,
                    0.20609375,
                    0.208125,
                    0.2065625,
                    0.20515625,
                    0.19828125,
                    0.2015625,
                    0.19734375,
                    0.1909375,
                    0.2003125,
                    0.20890625,
                    0.20015625,
                    0.1965625,
                    0.1990625,
                    0.2109375,
                    0.20421875,
                    0.1975,
                    0.19109375,
                    0.18890625,
                    0.18984375,
                    0.19171875,
                    0.19421875,
                    0.2003125,
                    0.19546875,
                    0.195,
                    0.20421875,
                    0.2025,
                    0.19640625,
                    0.19828125,
                    0.2059375,
                    0.20953125,
                    0.2121875,
                    0.2090625,
                    0.205,
                    0.2096875,
                    0.21328125,
                    0.2159375,
                    0.20828125,
                    0.213125,
                    0.208125,
                    0.2059375,
                    0.2053125,
                    0.20703125,
                    0.210625,
                    0.20421875,
                    0.210625,
                    0.20203125,
                    0.20328125,
                    0.19984375,
                    0.2034375,
                    0.2075,
                    0.211875,
                    0.20203125,
                    0.1978125,
                    0.20015625,
                    0.20625,
                    0.20421875,
                    0.1959375,
                    0.19390625,
                    0.19703125,
                    0.19921875,
                    0.195625,
                    0.1953125,
                    0.2021875,
                    0.1971875,
                    0.19796875,
                    0.20390625,
                    0.2128125,
                    0.20578125,
                    0.20765625,
                    0.20609375,
                    0.2071875,
                    0.21046875,
                    0.21578125,
                    0.21375,
                    0.21671875,
                    0.2153125
                ],
                "cur_sim": 0.2153125
            },
            {
                "video_path": "/nfs/oagrawal/CogVideo/vbench_eval/videos/cogvideo_fixed_0.1/A beautiful coastal beach in spring, waves lapping on sand, oil painting-0.mp4",
                "video_results": 0.22021990740740743,
                "frame_results": [
                    0.23046875,
                    0.23296875,
                    0.2284375,
                    0.22234375,
                    0.22328125,
                    0.22546875,
                    0.221875,
                    0.22296875,
                    0.219375,
                    0.2190625,
                    0.215,
                    0.2171875,
                    0.2178125,
                    0.2203125,
                    0.22,
                    0.2190625,
                    0.21828125,
                    0.2203125,
                    0.22515625,
                    0.21796875,
                    0.2196875,
                    0.2196875,
                    0.22203125,
                    0.22546875,
                    0.22125,
                    0.2196875,
                    0.21921875,
                    0.22359375,
                    0.2225,
                    0.22109375,
                    0.21765625,
                    0.21875,
                    0.21828125,
                    0.2209375,
                    0.2203125,
                    0.2271875,
                    0.22171875,
                    0.2234375,
                    0.22484375,
                    0.22453125,
                    0.23171875,
                    0.23765625,
                    0.23453125,
                    0.21890625,
                    0.2184375,
                    0.22265625,
                    0.2325,
                    0.221875,
                    0.21890625,
                    0.21828125,
                    0.216875,
                    0.2153125,
                    0.215,
                    0.21765625,
                    0.21734375,
                    0.2178125,
                    0.21640625,
                    0.21859375,
                    0.2175,
                    0.214375,
                    0.2146875,
                    0.21640625,
                    0.216875,
                    0.22609375,
                    0.2184375,
                    0.22,
                    0.21296875,
                    0.21328125,
                    0.21234375,
                    0.21625,
                    0.215,
                    0.215625,
                    0.2159375,
                    0.218125,
                    0.21546875,
                    0.2146875,
                    0.21640625,
                    0.21609375,
                    0.218125,
                    0.21609375,
                    0.21734375
                ],
                "cur_sim": 0.21734375
            },
            {
                "video_path": "/nfs/oagrawal/CogVideo/vbench_eval/videos/cogvideo_fixed_0.1/A beautiful coastal beach in spring, waves lapping on sand by Hokusai, in the style of Ukiyo-0.mp4",
                "video_results": 0.29624999999999996,