{
    "appearance_style": [
        0.2593132716049382,
        [
            {
                "video_path": "/nfs/oagrawal/CogVideo/easycache_updated_exp/videos/baseline/A beautiful coastal beach in spring, waves lapping on sand, Van Gogh style-0.mp4",
                "video_results": 0.2039679783950617,
                "frame_results": [
                    0.21359375,
                    0.2096875,
                    0.20875,
                    0.21109375,
                    0.20734375,
                    0.21109375,
                    0.21375,
                    0.21125,
                    0.21046875,
                    0.209375,
                    0.2134375,
                    0.21859375,
                    0.21171875,
                    0.2046875,
                    0.208125,
                    0.20078125,
                    0.20515625,
                    0.19171875,
                    0.18703125,
                    0.2009375,
                    0.19171875,
                    0.20140625,
                    0.18515625,
                    0.18453125,
                    0.19859375,
                    0.20859375,
                    0.196875,
                    0.20109375,
                    0.191875,
                    0.19609375,
                    0.19,
                    0.196875,
                    0.195,
                    0.1984375,
                    0.2115625,
                    0.2125,
                    0.21078125,
                    0.21375,
                    0.21609375,
                    0.211875,
                    0.2046875,
                    0.20890625,
                    0.2078125,
                    0.20234375,
                    0.1965625,
                    0.2075,
                    0.19140625,
                    0.19140625,
                    0.208125,
                    0.213125,
                    0.2078125,
                    0.20453125,
                    0.204375,
                    0.19390625,
                    0.193125,
                    0.2128125,
                    0.2075,
                    0.2125,
                    0.1959375,
                    0.19734375,
                    0.1946875,
                    0.1975,
                    0.19578125,
                    0.210625,
                    0.2128125,
                    0.20890625,
                    0.2125,
                    0.20875,
                    0.199375,
                    0.2015625,
                    0.2,
                    0.20640625,
                    0.2078125,
                    0.206875,
                    0.2003125,
                    0.2015625,
                    0.20203125,
                    0.2171875,
                    0.2059375,
                    0.20328125,
                    0.204375
                ],
                "cur_sim": 0.204375
            },
            {
                "video_path": "/nfs/oagrawal/CogVideo/easycache_updated_exp/videos/baseline/A beautiful coastal beach in spring, waves lapping on sand, oil painting-0.mp4",
                "video_results": 0.26646604938271606,
                "frame_results": [
                    0.261875,
                    0.2625,
                    0.26359375,
                    0.26328125,
                    0.2640625,
                    0.2628125,
                    0.26359375,
                    0.26609375,
                    0.26640625,
                    0.26515625,
                    0.26265625,
                    0.263125,
                    0.26296875,
                    0.26359375,
                    0.2646875,
                    0.26484375,
                    0.26375,
                    0.2653125,
                    0.26421875,
                    0.26421875,
                    0.26359375,
                    0.2640625,
                    0.26515625,
                    0.26578125,
                    0.2671875,
                    0.26765625,
                    0.26765625,
                    0.2665625,
                    0.266875,
                    0.2653125,
                    0.26390625,
                    0.26328125,
                    0.26515625,
                    0.26515625,
                    0.265,
                    0.26703125,
                    0.2671875,
                    0.265,
                    0.26671875,
                    0.2659375,
                    0.26609375,
                    0.26546875,
                    0.264375,
                    0.26484375,
                    0.2653125,
                    0.26484375,
                    0.2659375,
                    0.26625,
                    0.26640625,
                    0.26703125,
                    0.26515625,
                    0.2659375,
                    0.26671875,
                    0.26859375,
                    0.2690625,
                    0.26765625,
                    0.268125,
                    0.269375,
                    0.26921875,
                    0.27015625,
                    0.26859375,
                    0.2690625,
                    0.26890625,
                    0.26765625,
                    0.26890625,
                    0.26875,
                    0.26953125,
                    0.27078125,
                    0.27109375,
                    0.2715625,
                    0.27015625,
                    0.2709375,
                    0.27046875,
                    0.26984375,
                    0.26953125,
                    0.26796875,
                    0.26765625,
                    0.26890625,
                    0.26734375,
                    0.26828125,
                    0.26828125
                ],
                "cur_sim": 0.26828125
            },
            {
                "video_path": "/nfs/oagrawal/CogVideo/easycache_updated_exp/videos/baseline/A beautiful coastal beach in spring, waves lapping on sand by Hokusai, in the style of Ukiyo-0.mp4",
                "video_results": 0.307505787037037,