{
    "appearance_style": [
        0.24089506172839525,
        [
            {
                "video_path": "/nfs/oagrawal/CogVideo/easycache_updated_exp/videos/cog_ec_adaptive_hi0.20_lo0.075_f9_l6/A beautiful coastal beach in spring, waves lapping on sand, Van Gogh style-0.mp4",
                "video_results": 0.2231963734567901,
                "frame_results": [
                    0.24109375,
                    0.240625,
                    0.23265625,
                    0.22640625,
                    0.224375,
                    0.21859375,
                    0.21125,
                    0.22015625,
                    0.21984375,
                    0.2140625,
                    0.2159375,
                    0.21546875,
                    0.21453125,
                    0.2175,
                    0.22171875,
                    0.22265625,
                    0.220625,
                    0.21015625,
                    0.21515625,
                    0.21828125,
                    0.215,
                    0.211875,
                    0.215,
                    0.2221875,
                    0.2228125,
                    0.23265625,
                    0.23234375,
                    0.225625,
                    0.2240625,
                    0.2196875,
                    0.22875,
                    0.22875,
                    0.23515625,
                    0.22828125,
                    0.22953125,
                    0.22265625,
                    0.225625,
                    0.2228125,
                    0.23109375,
                    0.22640625,
                    0.2153125,
                    0.23265625,
                    0.22984375,
                    0.22859375,
                    0.23046875,
                    0.22203125,
                    0.2121875,
                    0.215,
                    0.21859375,
                    0.22546875,
                    0.2215625,
                    0.2084375,
                    0.22140625,
                    0.22265625,
                    0.2225,
                    0.2265625,
                    0.218125,
                    0.2240625,
                    0.22171875,
                    0.21578125,
                    0.21859375,
                    0.23828125,
                    0.23515625,
                    0.22828125,
                    0.23484375,
                    0.2378125,
                    0.22,
                    0.225625,
                    0.22921875,
                    0.22859375,
                    0.2175,
                    0.22140625,
                    0.22140625,
                    0.22109375,
                    0.2196875,
                    0.22203125,
                    0.21734375,
                    0.22640625,
                    0.21890625,
                    0.22109375,
                    0.22125
                ],
                "cur_sim": 0.22125
            },
            {
                "video_path": "/nfs/oagrawal/CogVideo/easycache_updated_exp/videos/cog_ec_adaptive_hi0.20_lo0.075_f9_l6/A beautiful coastal beach in spring, waves lapping on sand, oil painting-0.mp4",
                "video_results": 0.23580825617283951,
                "frame_results": [
                    0.25375,
                    0.253125,
                    0.24328125,
                    0.2371875,
                    0.23328125,
                    0.23375,
                    0.23203125,
                    0.2321875,
                    0.2346875,
                    0.2328125,
                    0.23046875,
                    0.23390625,
                    0.2359375,
                    0.2453125,
                    0.23875,
                    0.23671875,
                    0.23671875,
                    0.2315625,
                    0.23046875,
                    0.2275,
                    0.23109375,
                    0.23859375,
                    0.23640625,
                    0.23828125,
                    0.24515625,
                    0.23703125,
                    0.23890625,
                    0.24015625,
                    0.241875,
                    0.24,
                    0.2446875,
                    0.24578125,
                    0.24765625,
                    0.24421875,
                    0.24296875,
                    0.243125,
                    0.2446875,
                    0.255,
                    0.2521875,
                    0.2503125,
                    0.24671875,
                    0.24734375,
                    0.24296875,
                    0.2425,
                    0.24140625,
                    0.2309375,
                    0.224375,
                    0.2221875,
                    0.223125,
                    0.23,
                    0.23625,
                    0.23609375,
                    0.23484375,
                    0.23109375,
                    0.22546875,
                    0.22703125,
                    0.2275,
                    0.229375,
                    0.22703125,
                    0.226875,
                    0.2275,
                    0.22890625,
                    0.23203125,
                    0.238125,
                    0.2371875,
                    0.23453125,
                    0.23375,
                    0.23046875,
                    0.23140625,
                    0.229375,
                    0.23078125,
                    0.23640625,
                    0.2328125,
                    0.233125,
                    0.23375,
                    0.2328125,
                    0.2315625,
                    0.22203125,
                    0.22171875,
                    0.22703125,
                    0.23046875
                ],
                "cur_sim": 0.23046875
            },
            {
                "video_path": "/nfs/oagrawal/CogVideo/easycache_updated_exp/videos/cog_ec_adaptive_hi0.20_lo0.075_f9_l6/A beautiful coastal beach in spring, waves lapping on sand by Hokusai, in the style of Ukiyo-0.mp4",
                "video_results": 0.2636805555555556,