{
    "appearance_style": [
        0.2400141460905351,
        [
            {
                "video_path": "/nfs/oagrawal/CogVideo/dicache_results/videos/cog_dc_adaptive_hi0.60_lo0.10_late/A beautiful coastal beach in spring, waves lapping on sand, Van Gogh style-0.mp4",
                "video_results": 0.20644675925925926,
                "frame_results": [
                    0.231875,
                    0.226875,
                    0.2171875,
                    0.2134375,
                    0.21078125,
                    0.21015625,
                    0.20875,
                    0.214375,
                    0.2159375,
                    0.2071875,
                    0.2053125,
                    0.20390625,
                    0.20171875,
                    0.20296875,
                    0.20375,
                    0.210625,
                    0.20359375,
                    0.201875,
                    0.2075,
                    0.2053125,
                    0.20234375,
                    0.19796875,
                    0.196875,
                    0.1959375,
                    0.19625,
                    0.20265625,
                    0.20703125,
                    0.2025,
                    0.20125,
                    0.19765625,
                    0.2009375,
                    0.20109375,
                    0.1990625,
                    0.206875,
                    0.2040625,
                    0.205625,
                    0.19875,
                    0.2015625,
                    0.20859375,
                    0.2115625,
                    0.2128125,
                    0.21578125,
                    0.21890625,
                    0.21625,
                    0.2121875,
                    0.21703125,
                    0.209375,
                    0.20765625,
                    0.20296875,
                    0.21609375,
                    0.20140625,
                    0.20421875,
                    0.21359375,
                    0.20671875,
                    0.205625,
                    0.20328125,
                    0.20453125,
                    0.19953125,
                    0.19984375,
                    0.20171875,
                    0.20109375,
                    0.2025,
                    0.20203125,
                    0.205,
                    0.2065625,
                    0.214375,
                    0.20453125,
                    0.20609375,
                    0.2090625,
                    0.20203125,
                    0.20765625,
                    0.203125,
                    0.20328125,
                    0.20515625,
                    0.205625,
                    0.200625,
                    0.2003125,
                    0.20640625,
                    0.209375,
                    0.20609375,
                    0.21
                ],
                "cur_sim": 0.21
            },
            {
                "video_path": "/nfs/oagrawal/CogVideo/dicache_results/videos/cog_dc_adaptive_hi0.60_lo0.10_late/A beautiful coastal beach in spring, waves lapping on sand, oil painting-0.mp4",
                "video_results": 0.21871913580246913,
                "frame_results": [
                    0.22125,
                    0.22265625,
                    0.22171875,
                    0.2178125,
                    0.21859375,
                    0.22015625,
                    0.22203125,
                    0.2209375,
                    0.22265625,
                    0.2203125,
                    0.2225,
                    0.22078125,
                    0.22078125,
                    0.2228125,
                    0.21953125,
                    0.2190625,
                    0.22296875,
                    0.2259375,
                    0.23484375,
                    0.23078125,
                    0.22484375,
                    0.22921875,
                    0.22984375,
                    0.2265625,
                    0.22640625,
                    0.22171875,
                    0.22171875,
                    0.22546875,
                    0.22953125,
                    0.22640625,
                    0.216875,
                    0.22125,
                    0.221875,
                    0.2178125,
                    0.22359375,
                    0.2221875,
                    0.21875,
                    0.219375,
                    0.21984375,
                    0.2178125,
                    0.22125,
                    0.22109375,
                    0.21703125,
                    0.22109375,
                    0.21671875,
                    0.21359375,
                    0.214375,
                    0.21515625,
                    0.21671875,
                    0.21671875,
                    0.21515625,
                    0.21640625,
                    0.2153125,
                    0.21328125,
                    0.2121875,
                    0.21375,
                    0.2146875,
                    0.21921875,
                    0.21484375,
                    0.21296875,
                    0.2146875,
                    0.215,
                    0.21359375,
                    0.21796875,
                    0.21546875,
                    0.21546875,
                    0.21453125,
                    0.214375,
                    0.2134375,
                    0.214375,
                    0.21046875,
                    0.20984375,
                    0.21265625,
                    0.21375,
                    0.2125,
                    0.21375,
                    0.215625,
                    0.21109375,
                    0.21296875,
                    0.21140625,
                    0.2125
                ],
                "cur_sim": 0.2125
            },
            {
                "video_path": "/nfs/oagrawal/CogVideo/dicache_results/videos/cog_dc_adaptive_hi0.60_lo0.10_late/A beautiful coastal beach in spring, waves lapping on sand by Hokusai, in the style of Ukiyo-0.mp4",
                "video_results": 0.29487654320987655,