{
    "appearance_style": [
        0.2568346088435375,
        [
            {
                "video_path": "/nfs/oagrawal/CogVideo/vbench_eval_easycache/videos/cog_ec_adapt_f8l8_lo035_hi010/A beautiful coastal beach in spring, waves lapping on sand, Van Gogh style-0.mp4",
                "video_results": 0.21802933673469388,
                "frame_results": [
                    0.2371875,
                    0.23796875,
                    0.234375,
                    0.23171875,
                    0.23234375,
                    0.21515625,
                    0.2121875,
                    0.22125,
                    0.21984375,
                    0.21796875,
                    0.2125,
                    0.2190625,
                    0.2146875,
                    0.2121875,
                    0.21,
                    0.21859375,
                    0.21828125,
                    0.2146875,
                    0.21375,
                    0.2134375,
                    0.21625,
                    0.21875,
                    0.21765625,
                    0.21765625,
                    0.215,
                    0.2240625,
                    0.21421875,
                    0.21921875,
                    0.2225,
                    0.22359375,
                    0.2128125,
                    0.21359375,
                    0.2209375,
                    0.2221875,
                    0.21328125,
                    0.2196875,
                    0.21796875,
                    0.2178125,
                    0.2153125,
                    0.22046875,
                    0.226875,
                    0.21140625,
                    0.20921875,
                    0.214375,
                    0.20546875,
                    0.208125,
                    0.214375,
                    0.21453125,
                    0.20890625
                ],
                "cur_sim": 0.20890625
            },
            {
                "video_path": "/nfs/oagrawal/CogVideo/vbench_eval_easycache/videos/cog_ec_adapt_f8l8_lo035_hi010/A beautiful coastal beach in spring, waves lapping on sand, oil painting-0.mp4",
                "video_results": 0.2364604591836735,
                "frame_results": [
                    0.2478125,
                    0.24078125,
                    0.2478125,
                    0.2425,
                    0.23234375,
                    0.24578125,
                    0.23625,
                    0.24125,
                    0.2384375,
                    0.241875,
                    0.23109375,
                    0.2353125,
                    0.2484375,
                    0.23765625,
                    0.23671875,
                    0.22765625,
                    0.2271875,
                    0.236875,
                    0.2378125,
                    0.23859375,
                    0.23734375,
                    0.23140625,
                    0.2296875,
                    0.2428125,
                    0.24046875,
                    0.2359375,
                    0.2334375,
                    0.2396875,
                    0.2321875,
                    0.2390625,
                    0.23734375,
                    0.2353125,
                    0.23296875,
                    0.23015625,
                    0.23671875,
                    0.234375,
                    0.2359375,
                    0.23390625,
                    0.23671875,
                    0.23671875,
                    0.235625,
                    0.23328125,
                    0.2315625,
                    0.23515625,
                    0.24125,
                    0.23234375,
                    0.225,
                    0.22765625,
                    0.2403125
                ],
                "cur_sim": 0.2403125
            },
            {
                "video_path": "/nfs/oagrawal/CogVideo/vbench_eval_easycache/videos/cog_ec_adapt_f8l8_lo035_hi010/A beautiful coastal beach in spring, waves lapping on sand by Hokusai, in the style of Ukiyo-0.mp4",
                "video_results": 0.31601403061224487,
                "frame_results": [
                    0.31515625,
                    0.3115625,
                    0.30921875,
                    0.3153125,
                    0.32,
                    0.31984375,
                    0.3278125,
                    0.331875,
                    0.30953125,
                    0.3165625,
                    0.31375,
                    0.3159375,
                    0.324375,
                    0.32,
                    0.321875,
                    0.31859375,
                    0.31609375,
                    0.31578125,
                    0.3253125,
                    0.31734375,
                    0.31421875,
                    0.31671875,
                    0.3196875,
                    0.3140625,
                    0.32125,
                    0.3153125,
                    0.3228125,
                    0.325,
                    0.3221875,
                    0.3234375,
                    0.3140625,
                    0.326875,
                    0.31390625,
                    0.3184375,
                    0.3090625,
                    0.31609375,
                    0.30171875,
                    0.3046875,
                    0.30328125,
                    0.3175,
                    0.310625,
                    0.3128125,
                    0.2971875,
                    0.30109375,
                    0.30515625,
                    0.31125,
                    0.3225,
                    0.3153125,
                    0.3225
                ],
                "cur_sim": 0.3225
            }
        ]
    ]
}