{
    "appearance_style": [
        0.2576665380658436,
        [
            {
                "video_path": "/nfs/oagrawal/CogVideo/easycache_updated_exp/videos/cog_ec_fixed_0.10/A beautiful coastal beach in spring, waves lapping on sand, Van Gogh style-0.mp4",
                "video_results": 0.20479166666666665,
                "frame_results": [
                    0.2309375,
                    0.22125,
                    0.20328125,
                    0.20203125,
                    0.19859375,
                    0.20796875,
                    0.2121875,
                    0.2096875,
                    0.20171875,
                    0.19921875,
                    0.20921875,
                    0.215625,
                    0.20109375,
                    0.19625,
                    0.1984375,
                    0.20203125,
                    0.20265625,
                    0.19921875,
                    0.19984375,
                    0.20125,
                    0.2140625,
                    0.2040625,
                    0.196875,
                    0.2009375,
                    0.19953125,
                    0.2040625,
                    0.1990625,
                    0.20296875,
                    0.20375,
                    0.20421875,
                    0.20171875,
                    0.20390625,
                    0.20484375,
                    0.21140625,
                    0.20546875,
                    0.20484375,
                    0.210625,
                    0.21234375,
                    0.2059375,
                    0.20109375,
                    0.1984375,
                    0.20671875,
                    0.2053125,
                    0.20546875,
                    0.19984375,
                    0.2065625,
                    0.2,
                    0.20234375,
                    0.1984375,
                    0.21515625,
                    0.1996875,
                    0.2028125,
                    0.20640625,
                    0.1978125,
                    0.20265625,
                    0.2028125,
                    0.20796875,
                    0.1978125,
                    0.19953125,
                    0.20265625,
                    0.20015625,
                    0.20703125,
                    0.206875,
                    0.20484375,
                    0.21296875,
                    0.21625,
                    0.20703125,
                    0.20859375,
                    0.2096875,
                    0.20296875,
                    0.201875,
                    0.20171875,
                    0.20171875,
                    0.20140625,
                    0.20609375,
                    0.2125,
                    0.20453125,
                    0.20875,
                    0.20375,
                    0.20484375,
                    0.201875
                ],
                "cur_sim": 0.201875
            },
            {
                "video_path": "/nfs/oagrawal/CogVideo/easycache_updated_exp/videos/cog_ec_fixed_0.10/A beautiful coastal beach in spring, waves lapping on sand, oil painting-0.mp4",
                "video_results": 0.2765856481481481,
                "frame_results": [
                    0.28390625,
                    0.27015625,
                    0.2621875,
                    0.265,
                    0.26328125,
                    0.26328125,
                    0.264375,
                    0.2678125,
                    0.27109375,
                    0.27078125,
                    0.2696875,
                    0.2715625,
                    0.26921875,
                    0.2696875,
                    0.26859375,
                    0.27203125,
                    0.271875,
                    0.2771875,
                    0.27453125,
                    0.27578125,
                    0.275,
                    0.2753125,
                    0.27453125,
                    0.275,
                    0.27828125,
                    0.28125,
                    0.27953125,
                    0.2809375,
                    0.28140625,
                    0.2821875,
                    0.28171875,
                    0.2809375,
                    0.28078125,
                    0.28375,
                    0.28296875,
                    0.28,
                    0.2809375,
                    0.27859375,
                    0.28359375,
                    0.2834375,
                    0.28328125,
                    0.2796875,
                    0.27640625,
                    0.2759375,
                    0.28265625,
                    0.27921875,
                    0.27390625,
                    0.27203125,
                    0.27234375,
                    0.2728125,
                    0.2740625,
                    0.2746875,
                    0.2746875,
                    0.27921875,
                    0.27625,
                    0.2790625,
                    0.2790625,
                    0.2796875,
                    0.27953125,
                    0.27703125,
                    0.27796875,
                    0.27703125,
                    0.28046875,
                    0.27703125,
                    0.2778125,
                    0.27140625,
                    0.2734375,
                    0.27421875,
                    0.27359375,
                    0.2775,
                    0.27984375,
                    0.27828125,
                    0.283125,
                    0.28140625,
                    0.28234375,
                    0.285625,
                    0.2878125,
                    0.2846875,
                    0.2803125,
                    0.27859375,
                    0.2771875
                ],
                "cur_sim": 0.2771875
            },
            {
                "video_path": "/nfs/oagrawal/CogVideo/easycache_updated_exp/videos/cog_ec_fixed_0.10/A beautiful coastal beach in spring, waves lapping on sand by Hokusai, in the style of Ukiyo-0.mp4",
                "video_results": 0.291622299382716,