{
    "appearance_style": [
        0.24894740226337445,
        [
            {
                "video_path": "/nfs/oagrawal/CogVideo/dicache_results/videos/cog_dc_adaptive_hi0.70_lo0.10/A beautiful coastal beach in spring, waves lapping on sand, Van Gogh style-0.mp4",
                "video_results": 0.21581211419753085,
                "frame_results": [
                    0.23234375,
                    0.22609375,
                    0.22140625,
                    0.225625,
                    0.22984375,
                    0.2303125,
                    0.22453125,
                    0.22546875,
                    0.2171875,
                    0.21671875,
                    0.22640625,
                    0.22921875,
                    0.2296875,
                    0.21625,
                    0.22328125,
                    0.2103125,
                    0.20875,
                    0.2140625,
                    0.23,
                    0.23375,
                    0.22484375,
                    0.2196875,
                    0.21359375,
                    0.2184375,
                    0.21234375,
                    0.21609375,
                    0.2153125,
                    0.22,
                    0.2234375,
                    0.219375,
                    0.2203125,
                    0.21796875,
                    0.229375,
                    0.22265625,
                    0.2259375,
                    0.22921875,
                    0.22796875,
                    0.234375,
                    0.2340625,
                    0.229375,
                    0.21640625,
                    0.2078125,
                    0.21265625,
                    0.2103125,
                    0.2146875,
                    0.21078125,
                    0.20640625,
                    0.2090625,
                    0.21125,
                    0.21265625,
                    0.20609375,
                    0.20234375,
                    0.2059375,
                    0.21234375,
                    0.2059375,
                    0.2090625,
                    0.2103125,
                    0.21640625,
                    0.2125,
                    0.213125,
                    0.20953125,
                    0.209375,
                    0.20609375,
                    0.2084375,
                    0.20375,
                    0.20359375,
                    0.2015625,
                    0.201875,
                    0.20484375,
                    0.2003125,
                    0.20484375,
                    0.213125,
                    0.20859375,
                    0.21015625,
                    0.2115625,
                    0.20703125,
                    0.21265625,
                    0.2115625,
                    0.20265625,
                    0.20984375,
                    0.20765625
                ],
                "cur_sim": 0.20765625
            },
            {
                "video_path": "/nfs/oagrawal/CogVideo/dicache_results/videos/cog_dc_adaptive_hi0.70_lo0.10/A beautiful coastal beach in spring, waves lapping on sand, oil painting-0.mp4",
                "video_results": 0.23110339506172844,
                "frame_results": [
                    0.23921875,
                    0.2328125,
                    0.2259375,
                    0.2234375,
                    0.22328125,
                    0.22484375,
                    0.23640625,
                    0.23578125,
                    0.23421875,
                    0.2353125,
                    0.23890625,
                    0.23796875,
                    0.23359375,
                    0.22375,
                    0.22875,
                    0.22875,
                    0.21859375,
                    0.22140625,
                    0.22765625,
                    0.2325,
                    0.234375,
                    0.23515625,
                    0.23234375,
                    0.2321875,
                    0.23125,
                    0.2265625,
                    0.2265625,
                    0.23203125,
                    0.2325,
                    0.23953125,
                    0.23984375,
                    0.2403125,
                    0.2403125,
                    0.23734375,
                    0.23328125,
                    0.23796875,
                    0.23546875,
                    0.23328125,
                    0.236875,
                    0.240625,
                    0.2409375,
                    0.23328125,
                    0.23640625,
                    0.248125,
                    0.235,
                    0.23875,
                    0.2390625,
                    0.23984375,
                    0.2278125,
                    0.2240625,
                    0.2275,
                    0.2203125,
                    0.22203125,
                    0.224375,
                    0.2271875,
                    0.2259375,
                    0.22296875,
                    0.22328125,
                    0.2184375,
                    0.2228125,
                    0.22515625,
                    0.22796875,
                    0.22359375,
                    0.22640625,
                    0.2278125,
                    0.225625,
                    0.2325,
                    0.23078125,
                    0.23078125,
                    0.2303125,
                    0.23375,
                    0.23359375,
                    0.23921875,
                    0.23703125,
                    0.23046875,
                    0.2303125,
                    0.225625,
                    0.22671875,
                    0.23015625,
                    0.2259375,
                    0.2265625
                ],
                "cur_sim": 0.2265625
            },
            {
                "video_path": "/nfs/oagrawal/CogVideo/dicache_results/videos/cog_dc_adaptive_hi0.70_lo0.10/A beautiful coastal beach in spring, waves lapping on sand by Hokusai, in the style of Ukiyo-0.mp4",
                "video_results": 0.2999266975308642,