{
  "mode": "cog_ec_fixed_0.035",
  "baseline": "cog_ec_baseline",
  "num_videos": 66,
  "psnr": {
    "mean": 28.895506793168018,
    "std": 3.4944640762847987
  },
  "ssim": {
    "mean": 0.9018950266829431,
    "std": 0.05539756783557808
  },
  "lpips": {
    "mean": 0.08615450586734284,
    "std": 0.06795075276176693
  }
}