{
  "mode": "cog_ec_fixed_0.10",
  "baseline": "cog_ec_baseline",
  "num_videos": 66,
  "psnr": {
    "mean": 20.585081216258644,
    "std": 5.04246655617913
  },
  "ssim": {
    "mean": 0.7322877513597458,
    "std": 0.15659215008180166
  },
  "lpips": {
    "mean": 0.28768227396137785,
    "std": 0.11171166012184103
  }
}