{
  "mode": "cog_ec_adapt_f8l8_lo035_hi010",
  "baseline": "cog_ec_baseline",
  "num_videos": 66,
  "psnr": {
    "mean": 23.857494348455138,
    "std": 2.947165778199228
  },
  "ssim": {
    "mean": 0.8182223654568024,
    "std": 0.085589974031233
  },
  "lpips": {
    "mean": 0.17732950782630275,
    "std": 0.06949392449587566
  }
}