{
    "appearance_style": [
        0.2583088860544217,
        [
            {
                "video_path": "/nfs/oagrawal/CogVideo/vbench_eval_easycache/videos/cog_ec_fixed_0.08/A beautiful coastal beach in spring, waves lapping on sand, Van Gogh style-0.mp4",
                "video_results": 0.22203762755102044,
                "frame_results": [
                    0.23171875,
                    0.239375,
                    0.2365625,
                    0.23265625,
                    0.23046875,
                    0.21734375,
                    0.22328125,
                    0.233125,
                    0.225,
                    0.21859375,
                    0.2165625,
                    0.21734375,
                    0.2203125,
                    0.219375,
                    0.21625,
                    0.2215625,
                    0.22375,
                    0.22015625,
                    0.21578125,
                    0.21796875,
                    0.218125,
                    0.2190625,
                    0.2175,
                    0.2184375,
                    0.21546875,
                    0.225625,
                    0.22046875,
                    0.2215625,
                    0.22703125,
                    0.2275,
                    0.22453125,
                    0.21703125,
                    0.22328125,
                    0.23078125,
                    0.22734375,
                    0.22703125,
                    0.22625,
                    0.22015625,
                    0.220625,
                    0.22328125,
                    0.23015625,
                    0.2146875,
                    0.2175,
                    0.2165625,
                    0.2128125,
                    0.2078125,
                    0.21546875,
                    0.22046875,
                    0.21609375
                ],
                "cur_sim": 0.21609375
            },
            {
                "video_path": "/nfs/oagrawal/CogVideo/vbench_eval_easycache/videos/cog_ec_fixed_0.08/A beautiful coastal beach in spring, waves lapping on sand, oil painting-0.mp4",
                "video_results": 0.23990433673469386,
                "frame_results": [
                    0.26609375,
                    0.25171875,
                    0.25640625,
                    0.24671875,
                    0.23390625,
                    0.24609375,
                    0.24671875,
                    0.25078125,
                    0.245,
                    0.23359375,
                    0.22953125,
                    0.23265625,
                    0.2425,
                    0.23453125,
                    0.23421875,
                    0.23875,
                    0.22984375,
                    0.2390625,
                    0.248125,
                    0.2403125,
                    0.24359375,
                    0.2334375,
                    0.23359375,
                    0.24734375,
                    0.24265625,
                    0.22890625,
                    0.2346875,
                    0.2421875,
                    0.2296875,
                    0.243125,
                    0.2384375,
                    0.24015625,
                    0.23890625,
                    0.2365625,
                    0.2390625,
                    0.23921875,
                    0.2365625,
                    0.23828125,
                    0.2465625,
                    0.24671875,
                    0.24953125,
                    0.2403125,
                    0.23703125,
                    0.2378125,
                    0.24484375,
                    0.22984375,
                    0.216875,
                    0.2346875,
                    0.238125
                ],
                "cur_sim": 0.238125
            },
            {
                "video_path": "/nfs/oagrawal/CogVideo/vbench_eval_easycache/videos/cog_ec_fixed_0.08/A beautiful coastal beach in spring, waves lapping on sand by Hokusai, in the style of Ukiyo-0.mp4",
                "video_results": 0.312984693877551,
                "frame_results": [
                    0.3203125,
                    0.321875,
                    0.305625,
                    0.32125,
                    0.32,
                    0.328125,
                    0.3275,
                    0.3240625,
                    0.31390625,
                    0.31921875,
                    0.323125,
                    0.316875,
                    0.3221875,
                    0.3196875,
                    0.3215625,
                    0.31859375,
                    0.31890625,
                    0.315625,
                    0.3209375,
                    0.3121875,
                    0.3140625,
                    0.31265625,
                    0.3171875,
                    0.30796875,
                    0.3034375,
                    0.301875,
                    0.30125,
                    0.31828125,
                    0.321875,
                    0.30765625,
                    0.314375,
                    0.31171875,
                    0.3103125,
                    0.325625,
                    0.29625,
                    0.31046875,
                    0.29875,
                    0.304375,
                    0.298125,
                    0.3228125,
                    0.30453125,
                    0.31796875,
                    0.29203125,
                    0.29796875,
                    0.30515625,
                    0.3021875,
                    0.30984375,
                    0.2996875,
                    0.31625
                ],
                "cur_sim": 0.31625
            }
        ]
    ]
}