{
    "appearance_style": [
        0.25089441872427976,
        [
            {
                "video_path": "/nfs/oagrawal/CogVideo/dicache_results/videos/cog_dc_fixed_0.70/A beautiful coastal beach in spring, waves lapping on sand, Van Gogh style-0.mp4",
                "video_results": 0.2386130401234568,
                "frame_results": [
                    0.2546875,
                    0.246875,
                    0.249375,
                    0.2509375,
                    0.2459375,
                    0.23953125,
                    0.23328125,
                    0.2440625,
                    0.24265625,
                    0.233125,
                    0.23078125,
                    0.24,
                    0.2515625,
                    0.2425,
                    0.23625,
                    0.24546875,
                    0.255,
                    0.24609375,
                    0.23828125,
                    0.24015625,
                    0.23890625,
                    0.22953125,
                    0.23171875,
                    0.2375,
                    0.2390625,
                    0.246875,
                    0.2496875,
                    0.2428125,
                    0.24234375,
                    0.2353125,
                    0.2321875,
                    0.23734375,
                    0.24390625,
                    0.24671875,
                    0.2428125,
                    0.23921875,
                    0.24765625,
                    0.248125,
                    0.249375,
                    0.24046875,
                    0.2396875,
                    0.2375,
                    0.234375,
                    0.24640625,
                    0.24765625,
                    0.23921875,
                    0.22578125,
                    0.22625,
                    0.231875,
                    0.229375,
                    0.2396875,
                    0.2365625,
                    0.23390625,
                    0.22953125,
                    0.22984375,
                    0.22734375,
                    0.2340625,
                    0.23265625,
                    0.2378125,
                    0.2346875,
                    0.23515625,
                    0.23875,
                    0.23484375,
                    0.23734375,
                    0.24765625,
                    0.255,
                    0.234375,
                    0.23453125,
                    0.23546875,
                    0.22640625,
                    0.22453125,
                    0.22421875,
                    0.2265625,
                    0.22640625,
                    0.22984375,
                    0.233125,
                    0.239375,
                    0.23671875,
                    0.234375,
                    0.24125,
                    0.249375
                ],
                "cur_sim": 0.249375
            },
            {
                "video_path": "/nfs/oagrawal/CogVideo/dicache_results/videos/cog_dc_fixed_0.70/A beautiful coastal beach in spring, waves lapping on sand, oil painting-0.mp4",
                "video_results": 0.23495177469135803,
                "frame_results": [
                    0.2440625,
                    0.2425,
                    0.2396875,
                    0.2296875,
                    0.2309375,
                    0.229375,
                    0.23203125,
                    0.22734375,
                    0.2284375,
                    0.2315625,
                    0.23078125,
                    0.23328125,
                    0.23203125,
                    0.23109375,
                    0.22734375,
                    0.22421875,
                    0.22609375,
                    0.22625,
                    0.2290625,
                    0.22859375,
                    0.2315625,
                    0.22984375,
                    0.22625,
                    0.2284375,
                    0.23046875,
                    0.2340625,
                    0.24453125,
                    0.24640625,
                    0.2471875,
                    0.24390625,
                    0.24078125,
                    0.23640625,
                    0.23265625,
                    0.2403125,
                    0.2525,
                    0.2434375,
                    0.24203125,
                    0.235625,
                    0.2425,
                    0.23609375,
                    0.2334375,
                    0.2459375,
                    0.24484375,
                    0.24546875,
                    0.24609375,
                    0.23640625,
                    0.24078125,
                    0.2309375,
                    0.235625,
                    0.2415625,
                    0.24265625,
                    0.2365625,
                    0.2353125,
                    0.2309375,
                    0.23203125,
                    0.23140625,
                    0.22671875,
                    0.23515625,
                    0.23984375,
                    0.23234375,
                    0.233125,
                    0.23,
                    0.23171875,
                    0.23640625,
                    0.24,
                    0.23109375,
                    0.23046875,
                    0.23390625,
                    0.2409375,
                    0.23140625,
                    0.225,
                    0.22765625,
                    0.23125,
                    0.23671875,
                    0.230625,
                    0.23453125,
                    0.23609375,
                    0.24140625,
                    0.22953125,
                    0.2315625,
                    0.23421875
                ],
                "cur_sim": 0.23421875
            },
            {
                "video_path": "/nfs/oagrawal/CogVideo/dicache_results/videos/cog_dc_fixed_0.70/A beautiful coastal beach in spring, waves lapping on sand by Hokusai, in the style of Ukiyo-0.mp4",
                "video_results": 0.27911844135802477,