{
    "appearance_style": [
        0.24231931584362143,
        [
            {
                "video_path": "/nfs/oagrawal/CogVideo/easycache_updated_exp/videos/cog_ec_adaptive_hi0.20_lo0.075_f13_l8/A beautiful coastal beach in spring, waves lapping on sand, Van Gogh style-0.mp4",
                "video_results": 0.2234664351851852,
                "frame_results": [
                    0.23921875,
                    0.24484375,
                    0.2303125,
                    0.22390625,
                    0.22421875,
                    0.21234375,
                    0.213125,
                    0.21640625,
                    0.2175,
                    0.218125,
                    0.21890625,
                    0.2196875,
                    0.2165625,
                    0.2159375,
                    0.2228125,
                    0.2259375,
                    0.2259375,
                    0.21625,
                    0.21234375,
                    0.21453125,
                    0.21359375,
                    0.2184375,
                    0.22296875,
                    0.22484375,
                    0.22453125,
                    0.229375,
                    0.23046875,
                    0.22734375,
                    0.22453125,
                    0.22421875,
                    0.22875,
                    0.22765625,
                    0.23296875,
                    0.229375,
                    0.23328125,
                    0.2284375,
                    0.22796875,
                    0.22625,
                    0.22921875,
                    0.22640625,
                    0.21671875,
                    0.2275,
                    0.22046875,
                    0.22671875,
                    0.2284375,
                    0.21140625,
                    0.21359375,
                    0.216875,
                    0.21921875,
                    0.22765625,
                    0.21828125,
                    0.21390625,
                    0.22328125,
                    0.2259375,
                    0.22640625,
                    0.22671875,
                    0.2228125,
                    0.2153125,
                    0.22421875,
                    0.21625,
                    0.2196875,
                    0.236875,
                    0.23125,
                    0.22546875,
                    0.2328125,
                    0.24421875,
                    0.2253125,
                    0.22265625,
                    0.22046875,
                    0.22734375,
                    0.22203125,
                    0.2171875,
                    0.2184375,
                    0.22484375,
                    0.22078125,
                    0.2209375,
                    0.21671875,
                    0.22140625,
                    0.22296875,
                    0.224375,
                    0.22375
                ],
                "cur_sim": 0.22375
            },
            {
                "video_path": "/nfs/oagrawal/CogVideo/easycache_updated_exp/videos/cog_ec_adaptive_hi0.20_lo0.075_f13_l8/A beautiful coastal beach in spring, waves lapping on sand, oil painting-0.mp4",
                "video_results": 0.23525848765432103,
                "frame_results": [
                    0.265625,
                    0.25375,
                    0.25,
                    0.2353125,
                    0.23125,
                    0.23703125,
                    0.23171875,
                    0.23515625,
                    0.2378125,
                    0.2334375,
                    0.24015625,
                    0.2384375,
                    0.241875,
                    0.24125,
                    0.23953125,
                    0.23421875,
                    0.23640625,
                    0.23453125,
                    0.23484375,
                    0.226875,
                    0.23328125,
                    0.23609375,
                    0.23203125,
                    0.23296875,
                    0.23265625,
                    0.23890625,
                    0.238125,
                    0.23859375,
                    0.24234375,
                    0.2403125,
                    0.24484375,
                    0.2459375,
                    0.2421875,
                    0.2428125,
                    0.24078125,
                    0.23953125,
                    0.23640625,
                    0.2525,
                    0.24515625,
                    0.24453125,
                    0.24015625,
                    0.2415625,
                    0.24125,
                    0.2396875,
                    0.24078125,
                    0.23046875,
                    0.22859375,
                    0.2290625,
                    0.2290625,
                    0.23140625,
                    0.2296875,
                    0.23109375,
                    0.22875,
                    0.2265625,
                    0.2221875,
                    0.2271875,
                    0.2265625,
                    0.2278125,
                    0.22703125,
                    0.2296875,
                    0.22875,
                    0.23171875,
                    0.2321875,
                    0.2328125,
                    0.233125,
                    0.23515625,
                    0.23203125,
                    0.2321875,
                    0.23203125,
                    0.22984375,
                    0.22625,
                    0.2359375,
                    0.238125,
                    0.23703125,
                    0.23046875,
                    0.2296875,
                    0.23140625,
                    0.22046875,
                    0.2228125,
                    0.22703125,
                    0.2290625
                ],
                "cur_sim": 0.2290625
            },
            {
                "video_path": "/nfs/oagrawal/CogVideo/easycache_updated_exp/videos/cog_ec_adaptive_hi0.20_lo0.075_f13_l8/A beautiful coastal beach in spring, waves lapping on sand by Hokusai, in the style of Ukiyo-0.mp4",
                "video_results": 0.268233024691358,