{
    "appearance_style": [
        0.24055491255144038,
        [
            {
                "video_path": "/nfs/oagrawal/CogVideo/vbench_eval/videos/cogvideo_adaptive_0.1_20_0.3/A beautiful coastal beach in spring, waves lapping on sand, Van Gogh style-0.mp4",
                "video_results": 0.2072743055555556,
                "frame_results": [
                    0.22890625,
                    0.22671875,
                    0.22125,
                    0.21953125,
                    0.2140625,
                    0.209375,
                    0.20046875,
                    0.20234375,
                    0.199375,
                    0.201875,
                    0.2034375,
                    0.2040625,
                    0.19765625,
                    0.21015625,
                    0.19859375,
                    0.199375,
                    0.20359375,
                    0.21,
                    0.21265625,
                    0.1990625,
                    0.1959375,
                    0.2003125,
                    0.2034375,
                    0.1984375,
                    0.19765625,
                    0.20328125,
                    0.20453125,
                    0.2034375,
                    0.204375,
                    0.19625,
                    0.19671875,
                    0.2021875,
                    0.2109375,
                    0.19890625,
                    0.19890625,
                    0.2078125,
                    0.19765625,
                    0.204375,
                    0.20828125,
                    0.22171875,
                    0.2128125,
                    0.2153125,
                    0.2171875,
                    0.213125,
                    0.2140625,
                    0.21203125,
                    0.21828125,
                    0.22078125,
                    0.2203125,
                    0.213125,
                    0.19890625,
                    0.206875,
                    0.2003125,
                    0.1990625,
                    0.20921875,
                    0.2209375,
                    0.22,
                    0.206875,
                    0.21,
                    0.20203125,
                    0.2009375,
                    0.2021875,
                    0.2078125,
                    0.2053125,
                    0.2065625,
                    0.2090625,
                    0.208125,
                    0.20453125,
                    0.2065625,
                    0.20421875,
                    0.20609375,
                    0.20828125,
                    0.2078125,
                    0.2084375,
                    0.2053125,
                    0.204375,
                    0.20546875,
                    0.21078125,
                    0.2103125,
                    0.2090625,
                    0.2090625
                ],
                "cur_sim": 0.2090625
            },
            {
                "video_path": "/nfs/oagrawal/CogVideo/vbench_eval/videos/cogvideo_adaptive_0.1_20_0.3/A beautiful coastal beach in spring, waves lapping on sand, oil painting-0.mp4",
                "video_results": 0.22018518518518515,
                "frame_results": [
                    0.23171875,
                    0.23078125,
                    0.22,
                    0.21796875,
                    0.21890625,
                    0.21890625,
                    0.2209375,
                    0.2221875,
                    0.22140625,
                    0.2253125,
                    0.21921875,
                    0.22296875,
                    0.22140625,
                    0.22453125,
                    0.221875,
                    0.2196875,
                    0.22359375,
                    0.2271875,
                    0.22265625,
                    0.2240625,
                    0.22515625,
                    0.226875,
                    0.22734375,
                    0.22890625,
                    0.2309375,
                    0.22828125,
                    0.22484375,
                    0.22421875,
                    0.22265625,
                    0.22125,
                    0.22046875,
                    0.22109375,
                    0.22046875,
                    0.219375,
                    0.22796875,
                    0.224375,
                    0.22578125,
                    0.2225,
                    0.21921875,
                    0.2275,
                    0.22234375,
                    0.2296875,
                    0.21890625,
                    0.2290625,
                    0.2225,
                    0.22109375,
                    0.2221875,
                    0.22234375,
                    0.2215625,
                    0.21546875,
                    0.215625,
                    0.21546875,
                    0.215625,
                    0.21671875,
                    0.2203125,
                    0.2159375,
                    0.21671875,
                    0.216875,
                    0.21265625,
                    0.21390625,
                    0.2140625,
                    0.21375,
                    0.2125,
                    0.214375,
                    0.214375,
                    0.21515625,
                    0.2121875,
                    0.213125,
                    0.21515625,
                    0.2171875,
                    0.20984375,
                    0.21296875,
                    0.21390625,
                    0.21375,
                    0.2146875,
                    0.21515625,
                    0.21703125,
                    0.21703125,
                    0.2171875,
                    0.21578125,
                    0.21625
                ],
                "cur_sim": 0.21625
            },
            {
                "video_path": "/nfs/oagrawal/CogVideo/vbench_eval/videos/cogvideo_adaptive_0.1_20_0.3/A beautiful coastal beach in spring, waves lapping on sand by Hokusai, in the style of Ukiyo-0.mp4",
                "video_results": 0.29420524691358024,