{
    "appearance_style": [
        0.2607514880952381,
        [
            {
                "video_path": "/nfs/oagrawal/CogVideo/vbench_eval_easycache/videos/cog_ec_fixed_0.05/A beautiful coastal beach in spring, waves lapping on sand, Van Gogh style-0.mp4",
                "video_results": 0.22157525510204082,
                "frame_results": [
                    0.24140625,
                    0.23375,
                    0.23875,
                    0.22953125,
                    0.22484375,
                    0.2215625,
                    0.2240625,
                    0.23234375,
                    0.22796875,
                    0.22046875,
                    0.2153125,
                    0.2165625,
                    0.22375,
                    0.21421875,
                    0.21453125,
                    0.22046875,
                    0.2215625,
                    0.21953125,
                    0.214375,
                    0.21828125,
                    0.214375,
                    0.21578125,
                    0.22125,
                    0.21625,
                    0.214375,
                    0.221875,
                    0.220625,
                    0.2209375,
                    0.2253125,
                    0.22921875,
                    0.2278125,
                    0.225,
                    0.22984375,
                    0.224375,
                    0.2203125,
                    0.21890625,
                    0.219375,
                    0.22046875,
                    0.2253125,
                    0.22390625,
                    0.2290625,
                    0.2171875,
                    0.21921875,
                    0.215625,
                    0.20984375,
                    0.21,
                    0.2159375,
                    0.21578125,
                    0.2159375
                ],
                "cur_sim": 0.2159375
            },
            {
                "video_path": "/nfs/oagrawal/CogVideo/vbench_eval_easycache/videos/cog_ec_fixed_0.05/A beautiful coastal beach in spring, waves lapping on sand, oil painting-0.mp4",
                "video_results": 0.24399872448979598,
                "frame_results": [
                    0.25203125,
                    0.24640625,
                    0.24984375,
                    0.244375,
                    0.2390625,
                    0.2471875,
                    0.23984375,
                    0.243125,
                    0.24453125,
                    0.245625,
                    0.23609375,
                    0.2396875,
                    0.240625,
                    0.23703125,
                    0.24046875,
                    0.239375,
                    0.2415625,
                    0.248125,
                    0.24328125,
                    0.24453125,
                    0.24328125,
                    0.24375,
                    0.248125,
                    0.25390625,
                    0.24875,
                    0.24546875,
                    0.24890625,
                    0.255,
                    0.24515625,
                    0.243125,
                    0.23828125,
                    0.24734375,
                    0.250625,
                    0.2459375,
                    0.2465625,
                    0.24625,
                    0.2415625,
                    0.24234375,
                    0.24265625,
                    0.24625,
                    0.246875,
                    0.24671875,
                    0.24078125,
                    0.23765625,
                    0.24453125,
                    0.23375,
                    0.23703125,
                    0.23921875,
                    0.24328125
                ],
                "cur_sim": 0.24328125
            },
            {
                "video_path": "/nfs/oagrawal/CogVideo/vbench_eval_easycache/videos/cog_ec_fixed_0.05/A beautiful coastal beach in spring, waves lapping on sand by Hokusai, in the style of Ukiyo-0.mp4",
                "video_results": 0.3166804846938775,
                "frame_results": [
                    0.31453125,
                    0.31640625,
                    0.305,
                    0.325625,
                    0.32,
                    0.325,
                    0.33,
                    0.33,
                    0.30890625,
                    0.3203125,
                    0.3215625,
                    0.3234375,
                    0.319375,
                    0.3215625,
                    0.3259375,
                    0.3246875,
                    0.3140625,
                    0.3228125,
                    0.3228125,
                    0.3203125,
                    0.31859375,
                    0.3296875,
                    0.3290625,
                    0.3084375,
                    0.31578125,
                    0.308125,
                    0.31546875,
                    0.32625,
                    0.321875,
                    0.31390625,
                    0.31375,
                    0.318125,
                    0.31890625,
                    0.324375,
                    0.3025,
                    0.318125,
                    0.296875,
                    0.30109375,
                    0.299375,
                    0.3253125,
                    0.3096875,
                    0.3153125,
                    0.310625,
                    0.3,
                    0.3109375,
                    0.32125,
                    0.315625,
                    0.29765625,
                    0.31828125
                ],
                "cur_sim": 0.31828125
            }
        ]
    ]
}