{
    "appearance_style": [
        0.2582270408163265,
        [
            {
                "video_path": "/nfs/oagrawal/CogVideo/vbench_eval_easycache/videos/cog_ec_adapt_lo035_hi080/A beautiful coastal beach in spring, waves lapping on sand, Van Gogh style-0.mp4",
                "video_results": 0.22144451530612247,
                "frame_results": [
                    0.23203125,
                    0.23734375,
                    0.23234375,
                    0.2290625,
                    0.225625,
                    0.21578125,
                    0.2228125,
                    0.23265625,
                    0.22796875,
                    0.224375,
                    0.21578125,
                    0.22078125,
                    0.22125,
                    0.228125,
                    0.22078125,
                    0.2253125,
                    0.2259375,
                    0.2134375,
                    0.21375,
                    0.218125,
                    0.21609375,
                    0.2146875,
                    0.2159375,
                    0.2228125,
                    0.214375,
                    0.223125,
                    0.215625,
                    0.21875,
                    0.2184375,
                    0.223125,
                    0.21953125,
                    0.21796875,
                    0.22578125,
                    0.22109375,
                    0.22265625,
                    0.225625,
                    0.22859375,
                    0.223125,
                    0.22453125,
                    0.22640625,
                    0.230625,
                    0.21234375,
                    0.21875,
                    0.2178125,
                    0.2140625,
                    0.20890625,
                    0.21671875,
                    0.215,
                    0.215
                ],
                "cur_sim": 0.215
            },
            {
                "video_path": "/nfs/oagrawal/CogVideo/vbench_eval_easycache/videos/cog_ec_adapt_lo035_hi080/A beautiful coastal beach in spring, waves lapping on sand, oil painting-0.mp4",
                "video_results": 0.2350031887755102,
                "frame_results": [
                    0.24640625,
                    0.23828125,
                    0.25015625,
                    0.24,
                    0.23390625,
                    0.2371875,
                    0.2375,
                    0.23375,
                    0.2378125,
                    0.23734375,
                    0.22546875,
                    0.23546875,
                    0.2359375,
                    0.22390625,
                    0.23484375,
                    0.22640625,
                    0.22265625,
                    0.235,
                    0.231875,
                    0.235625,
                    0.23640625,
                    0.22765625,
                    0.23796875,
                    0.25125,
                    0.24359375,
                    0.225625,
                    0.22921875,
                    0.23578125,
                    0.2303125,
                    0.239375,
                    0.2296875,
                    0.23671875,
                    0.23171875,
                    0.23,
                    0.2403125,
                    0.2365625,
                    0.2365625,
                    0.23390625,
                    0.2375,
                    0.24265625,
                    0.23875,
                    0.238125,
                    0.226875,
                    0.2296875,
                    0.240625,
                    0.22796875,
                    0.2221875,
                    0.2365625,
                    0.24203125
                ],
                "cur_sim": 0.24203125
            },
            {
                "video_path": "/nfs/oagrawal/CogVideo/vbench_eval_easycache/videos/cog_ec_adapt_lo035_hi080/A beautiful coastal beach in spring, waves lapping on sand by Hokusai, in the style of Ukiyo-0.mp4",
                "video_results": 0.318233418367347,
                "frame_results": [
                    0.314375,
                    0.314375,
                    0.3165625,
                    0.3175,
                    0.3203125,
                    0.3328125,
                    0.3234375,
                    0.3284375,
                    0.3078125,
                    0.31609375,
                    0.3215625,
                    0.3240625,
                    0.33,
                    0.323125,
                    0.3203125,
                    0.32125,
                    0.3225,
                    0.31734375,
                    0.32375,
                    0.3209375,
                    0.3159375,
                    0.3215625,
                    0.3265625,
                    0.30640625,
                    0.321875,
                    0.3159375,
                    0.3240625,
                    0.3303125,
                    0.326875,
                    0.3225,
                    0.319375,
                    0.3278125,
                    0.30796875,
                    0.33125,
                    0.313125,
                    0.31078125,
                    0.31,
                    0.310625,
                    0.29015625,
                    0.31171875,
                    0.3153125,
                    0.31890625,
                    0.3084375,
                    0.3234375,
                    0.3090625,
                    0.31359375,
                    0.3203125,
                    0.3075,
                    0.31546875
                ],
                "cur_sim": 0.31546875
            }
        ]
    ]
}