{
    "appearance_style": [
        0.2558783436213991,
        [
            {
                "video_path": "/nfs/oagrawal/CogVideo/dicache_results/videos/cog_dc_fixed_0.15/A beautiful coastal beach in spring, waves lapping on sand, Van Gogh style-0.mp4",
                "video_results": 0.1982908950617284,
                "frame_results": [
                    0.205,
                    0.2,
                    0.206875,
                    0.20328125,
                    0.19015625,
                    0.195625,
                    0.20625,
                    0.19546875,
                    0.20078125,
                    0.19359375,
                    0.20078125,
                    0.2096875,
                    0.20421875,
                    0.20125,
                    0.18921875,
                    0.200625,
                    0.20359375,
                    0.19921875,
                    0.2096875,
                    0.18734375,
                    0.18890625,
                    0.1865625,
                    0.18453125,
                    0.1834375,
                    0.18359375,
                    0.19234375,
                    0.191875,
                    0.1903125,
                    0.18796875,
                    0.18515625,
                    0.1821875,
                    0.18375,
                    0.198125,
                    0.1925,
                    0.19421875,
                    0.209375,
                    0.21359375,
                    0.19734375,
                    0.20921875,
                    0.20765625,
                    0.203125,
                    0.20765625,
                    0.193125,
                    0.20796875,
                    0.2046875,
                    0.20140625,
                    0.190625,
                    0.1890625,
                    0.203125,
                    0.20609375,
                    0.19609375,
                    0.20828125,
                    0.20109375,
                    0.1984375,
                    0.20765625,
                    0.19890625,
                    0.20015625,
                    0.2134375,
                    0.204375,
                    0.20328125,
                    0.205,
                    0.20015625,
                    0.198125,
                    0.19546875,
                    0.20546875,
                    0.19296875,
                    0.20234375,
                    0.20953125,
                    0.1959375,
                    0.19234375,
                    0.196875,
                    0.18921875,
                    0.191875,
                    0.19265625,
                    0.19828125,
                    0.19046875,
                    0.19203125,
                    0.199375,
                    0.19953125,
                    0.20546875,
                    0.20453125
                ],
                "cur_sim": 0.20453125
            },
            {
                "video_path": "/nfs/oagrawal/CogVideo/dicache_results/videos/cog_dc_fixed_0.15/A beautiful coastal beach in spring, waves lapping on sand, oil painting-0.mp4",
                "video_results": 0.2652777777777778,
                "frame_results": [
                    0.25953125,
                    0.260625,
                    0.26203125,
                    0.26328125,
                    0.26234375,
                    0.2628125,
                    0.26421875,
                    0.26453125,
                    0.2653125,
                    0.26453125,
                    0.2628125,
                    0.26328125,
                    0.26375,
                    0.26375,
                    0.26375,
                    0.26328125,
                    0.2634375,
                    0.26234375,
                    0.2628125,
                    0.26078125,
                    0.26203125,
                    0.2621875,
                    0.26265625,
                    0.26484375,
                    0.26640625,
                    0.2653125,
                    0.26421875,
                    0.2646875,
                    0.26609375,
                    0.2634375,
                    0.2615625,
                    0.26109375,
                    0.261875,
                    0.26265625,
                    0.2640625,
                    0.2640625,
                    0.2653125,
                    0.26421875,
                    0.2646875,
                    0.263125,
                    0.26453125,
                    0.26390625,
                    0.2640625,
                    0.2640625,
                    0.26296875,
                    0.26328125,
                    0.264375,
                    0.2653125,
                    0.26515625,
                    0.265,
                    0.26375,
                    0.265,
                    0.265625,
                    0.26859375,
                    0.2684375,
                    0.26625,
                    0.2671875,
                    0.26796875,
                    0.26890625,
                    0.26921875,
                    0.269375,
                    0.26859375,
                    0.26890625,
                    0.26953125,
                    0.269375,
                    0.26859375,
                    0.26921875,
                    0.2703125,
                    0.269375,
                    0.2684375,
                    0.26875,
                    0.26984375,
                    0.269375,
                    0.269375,
                    0.26765625,
                    0.26625,
                    0.26671875,
                    0.2675,
                    0.26625,
                    0.2675,
                    0.26921875
                ],
                "cur_sim": 0.26921875
            },
            {
                "video_path": "/nfs/oagrawal/CogVideo/dicache_results/videos/cog_dc_fixed_0.15/A beautiful coastal beach in spring, waves lapping on sand by Hokusai, in the style of Ukiyo-0.mp4",
                "video_results": 0.30406635802469134,