{
    "appearance_style": [
        0.25634966563786005,
        [
            {
                "video_path": "/nfs/oagrawal/CogVideo/dicache_results/videos/cog_dc_fixed_0.25/A beautiful coastal beach in spring, waves lapping on sand, Van Gogh style-0.mp4",
                "video_results": 0.19311921296296297,
                "frame_results": [
                    0.1946875,
                    0.19359375,
                    0.1946875,
                    0.1940625,
                    0.18796875,
                    0.18515625,
                    0.19,
                    0.19234375,
                    0.19453125,
                    0.188125,
                    0.188125,
                    0.19359375,
                    0.18828125,
                    0.18390625,
                    0.1815625,
                    0.188125,
                    0.185625,
                    0.19125,
                    0.190625,
                    0.18625,
                    0.19078125,
                    0.1890625,
                    0.2009375,
                    0.19890625,
                    0.1909375,
                    0.18578125,
                    0.186875,
                    0.1875,
                    0.18640625,
                    0.185625,
                    0.1825,
                    0.1840625,
                    0.185,
                    0.19515625,
                    0.1921875,
                    0.2015625,
                    0.20359375,
                    0.21015625,
                    0.209375,
                    0.1975,
                    0.18828125,
                    0.20515625,
                    0.20546875,
                    0.1990625,
                    0.19609375,
                    0.2059375,
                    0.198125,
                    0.19390625,
                    0.19875,
                    0.19609375,
                    0.19875,
                    0.19203125,
                    0.19234375,
                    0.19234375,
                    0.1921875,
                    0.19578125,
                    0.195625,
                    0.1978125,
                    0.20109375,
                    0.191875,
                    0.18984375,
                    0.19390625,
                    0.19359375,
                    0.19546875,
                    0.1940625,
                    0.19578125,
                    0.1975,
                    0.2090625,
                    0.1965625,
                    0.191875,
                    0.18953125,
                    0.18875,
                    0.1896875,
                    0.18875,
                    0.1871875,
                    0.18828125,
                    0.19046875,
                    0.198125,
                    0.1890625,
                    0.191875,
                    0.19015625
                ],
                "cur_sim": 0.19015625
            },
            {
                "video_path": "/nfs/oagrawal/CogVideo/dicache_results/videos/cog_dc_fixed_0.25/A beautiful coastal beach in spring, waves lapping on sand, oil painting-0.mp4",
                "video_results": 0.2646257716049383,
                "frame_results": [
                    0.25421875,
                    0.2565625,
                    0.2596875,
                    0.25890625,
                    0.25828125,
                    0.2565625,
                    0.25875,
                    0.25984375,
                    0.2621875,
                    0.26234375,
                    0.2628125,
                    0.261875,
                    0.2621875,
                    0.2625,
                    0.2634375,
                    0.2628125,
                    0.26265625,
                    0.26046875,
                    0.2609375,
                    0.26015625,
                    0.26203125,
                    0.26140625,
                    0.26375,
                    0.2640625,
                    0.26484375,
                    0.2646875,
                    0.26390625,
                    0.26671875,
                    0.2671875,
                    0.26671875,
                    0.265625,
                    0.2646875,
                    0.26421875,
                    0.26484375,
                    0.2646875,
                    0.26546875,
                    0.2671875,
                    0.2659375,
                    0.26703125,
                    0.2659375,
                    0.2659375,
                    0.2640625,
                    0.26546875,
                    0.2671875,
                    0.26671875,
                    0.26546875,
                    0.26546875,
                    0.264375,
                    0.265,
                    0.26453125,
                    0.2628125,
                    0.26359375,
                    0.26453125,
                    0.26625,
                    0.26765625,
                    0.2665625,
                    0.265625,
                    0.2671875,
                    0.26609375,
                    0.26515625,
                    0.266875,
                    0.2671875,
                    0.26703125,
                    0.266875,
                    0.26625,
                    0.2659375,
                    0.2678125,
                    0.2684375,
                    0.26953125,
                    0.26953125,
                    0.2696875,
                    0.268125,
                    0.26671875,
                    0.26625,
                    0.26703125,
                    0.26609375,
                    0.26703125,
                    0.2678125,
                    0.26734375,
                    0.2671875,
                    0.268125
                ],
                "cur_sim": 0.268125
            },
            {
                "video_path": "/nfs/oagrawal/CogVideo/dicache_results/videos/cog_dc_fixed_0.25/A beautiful coastal beach in spring, waves lapping on sand by Hokusai, in the style of Ukiyo-0.mp4",
                "video_results": 0.311304012345679,