{
    "appearance_style": [
        0.2377668467078189,
        [
            {
                "video_path": "/nfs/oagrawal/CogVideo/dicache_results/videos/cog_dc_fixed_0.40/A beautiful coastal beach in spring, waves lapping on sand, Van Gogh style-0.mp4",
                "video_results": 0.19291087962962963,
                "frame_results": [
                    0.20375,
                    0.20640625,
                    0.2059375,
                    0.200625,
                    0.204375,
                    0.20015625,
                    0.20140625,
                    0.19953125,
                    0.198125,
                    0.1928125,
                    0.1915625,
                    0.19203125,
                    0.195,
                    0.1934375,
                    0.198125,
                    0.19140625,
                    0.1878125,
                    0.1884375,
                    0.1896875,
                    0.1909375,
                    0.19046875,
                    0.1840625,
                    0.1865625,
                    0.18765625,
                    0.18953125,
                    0.19390625,
                    0.19765625,
                    0.2003125,
                    0.19875,
                    0.1921875,
                    0.18640625,
                    0.204375,
                    0.18640625,
                    0.185625,
                    0.18328125,
                    0.18828125,
                    0.18625,
                    0.198125,
                    0.2071875,
                    0.205625,
                    0.19234375,
                    0.20140625,
                    0.19515625,
                    0.19171875,
                    0.19734375,
                    0.2009375,
                    0.18234375,
                    0.18765625,
                    0.1896875,
                    0.1965625,
                    0.19609375,
                    0.19,
                    0.1825,
                    0.18515625,
                    0.18375,
                    0.18609375,
                    0.1825,
                    0.19015625,
                    0.18609375,
                    0.19578125,
                    0.1884375,
                    0.1915625,
                    0.19421875,
                    0.19328125,
                    0.18546875,
                    0.18234375,
                    0.185,
                    0.18984375,
                    0.1884375,
                    0.19640625,
                    0.1903125,
                    0.1925,
                    0.19296875,
                    0.18796875,
                    0.1915625,
                    0.1934375,
                    0.19359375,
                    0.20828125,
                    0.19421875,
                    0.195625,
                    0.1928125
                ],
                "cur_sim": 0.1928125
            },
            {
                "video_path": "/nfs/oagrawal/CogVideo/dicache_results/videos/cog_dc_fixed_0.40/A beautiful coastal beach in spring, waves lapping on sand, oil painting-0.mp4",
                "video_results": 0.21593942901234564,
                "frame_results": [
                    0.21890625,
                    0.2175,
                    0.2175,
                    0.216875,
                    0.2128125,
                    0.216875,
                    0.2178125,
                    0.2134375,
                    0.211875,
                    0.21578125,
                    0.21328125,
                    0.2134375,
                    0.21046875,
                    0.20890625,
                    0.2109375,
                    0.2115625,
                    0.21,
                    0.20890625,
                    0.20703125,
                    0.21015625,
                    0.208125,
                    0.204375,
                    0.20890625,
                    0.21453125,
                    0.21421875,
                    0.20859375,
                    0.20765625,
                    0.209375,
                    0.21421875,
                    0.20890625,
                    0.206875,
                    0.20515625,
                    0.2065625,
                    0.2103125,
                    0.21265625,
                    0.20921875,
                    0.21609375,
                    0.21984375,
                    0.21859375,
                    0.215625,
                    0.22140625,
                    0.22359375,
                    0.22484375,
                    0.22875,
                    0.22375,
                    0.22765625,
                    0.2259375,
                    0.22546875,
                    0.2225,
                    0.2246875,
                    0.22171875,
                    0.218125,
                    0.2159375,
                    0.21421875,
                    0.21578125,
                    0.21390625,
                    0.221875,
                    0.2184375,
                    0.220625,
                    0.2159375,
                    0.2153125,
                    0.21140625,
                    0.21234375,
                    0.2121875,
                    0.21125,
                    0.2178125,
                    0.21984375,
                    0.22390625,
                    0.22015625,
                    0.22328125,
                    0.22875,
                    0.2209375,
                    0.22375,
                    0.2209375,
                    0.2178125,
                    0.21796875,
                    0.22109375,
                    0.21296875,
                    0.21484375,
                    0.21921875,
                    0.21625
                ],
                "cur_sim": 0.21625
            },
            {
                "video_path": "/nfs/oagrawal/CogVideo/dicache_results/videos/cog_dc_fixed_0.40/A beautiful coastal beach in spring, waves lapping on sand by Hokusai, in the style of Ukiyo-0.mp4",
                "video_results": 0.3044502314814815,