{
    "appearance_style": [
        0.22899691358024696,
        [
            {
                "video_path": "/nfs/oagrawal/CogVideo/dicache_results/videos/cog_dc_fixed_0.50/A beautiful coastal beach in spring, waves lapping on sand, Van Gogh style-0.mp4",
                "video_results": 0.21118441358024695,
                "frame_results": [
                    0.233125,
                    0.23359375,
                    0.22265625,
                    0.21671875,
                    0.20953125,
                    0.21578125,
                    0.20828125,
                    0.20125,
                    0.2025,
                    0.20171875,
                    0.2046875,
                    0.200625,
                    0.20671875,
                    0.2021875,
                    0.2021875,
                    0.2028125,
                    0.20453125,
                    0.201875,
                    0.21078125,
                    0.21203125,
                    0.20890625,
                    0.21734375,
                    0.21734375,
                    0.215625,
                    0.2065625,
                    0.20984375,
                    0.21125,
                    0.210625,
                    0.22,
                    0.219375,
                    0.2146875,
                    0.20859375,
                    0.21484375,
                    0.21453125,
                    0.22328125,
                    0.215625,
                    0.21984375,
                    0.21703125,
                    0.21390625,
                    0.2084375,
                    0.21015625,
                    0.21015625,
                    0.20375,
                    0.2015625,
                    0.21640625,
                    0.21015625,
                    0.20546875,
                    0.206875,
                    0.21109375,
                    0.21140625,
                    0.20875,
                    0.2103125,
                    0.203125,
                    0.2075,
                    0.211875,
                    0.2128125,
                    0.21421875,
                    0.21390625,
                    0.2184375,
                    0.2065625,
                    0.2115625,
                    0.2153125,
                    0.2146875,
                    0.20796875,
                    0.210625,
                    0.215625,
                    0.2115625,
                    0.21,
                    0.210625,
                    0.20703125,
                    0.2065625,
                    0.20453125,
                    0.2075,
                    0.20734375,
                    0.21265625,
                    0.2171875,
                    0.2146875,
                    0.20859375,
                    0.20640625,
                    0.21203125,
                    0.21765625
                ],
                "cur_sim": 0.21765625
            },
            {
                "video_path": "/nfs/oagrawal/CogVideo/dicache_results/videos/cog_dc_fixed_0.50/A beautiful coastal beach in spring, waves lapping on sand, oil painting-0.mp4",
                "video_results": 0.22029899691358024,
                "frame_results": [
                    0.23140625,
                    0.228125,
                    0.22390625,
                    0.218125,
                    0.2140625,
                    0.21765625,
                    0.2159375,
                    0.2059375,
                    0.20609375,
                    0.2171875,
                    0.218125,
                    0.21765625,
                    0.20921875,
                    0.21078125,
                    0.21578125,
                    0.2209375,
                    0.21203125,
                    0.21171875,
                    0.2203125,
                    0.223125,
                    0.22234375,
                    0.22421875,
                    0.2284375,
                    0.2265625,
                    0.2246875,
                    0.229375,
                    0.22328125,
                    0.220625,
                    0.2209375,
                    0.22109375,
                    0.22171875,
                    0.22515625,
                    0.220625,
                    0.22484375,
                    0.22375,
                    0.22046875,
                    0.2159375,
                    0.226875,
                    0.225625,
                    0.2309375,
                    0.23203125,
                    0.2328125,
                    0.2253125,
                    0.2259375,
                    0.22640625,
                    0.224375,
                    0.22359375,
                    0.2234375,
                    0.22546875,
                    0.22484375,
                    0.2271875,
                    0.22953125,
                    0.2290625,
                    0.22734375,
                    0.23359375,
                    0.22875,
                    0.22921875,
                    0.22828125,
                    0.22390625,
                    0.22609375,
                    0.22328125,
                    0.22203125,
                    0.22109375,
                    0.22578125,
                    0.21859375,
                    0.21734375,
                    0.22,
                    0.21109375,
                    0.209375,
                    0.2159375,
                    0.21984375,
                    0.2178125,
                    0.206875,
                    0.2125,
                    0.2115625,
                    0.2046875,
                    0.20671875,
                    0.203125,
                    0.203125,
                    0.20140625,
                    0.20921875
                ],
                "cur_sim": 0.20921875
            },
            {
                "video_path": "/nfs/oagrawal/CogVideo/dicache_results/videos/cog_dc_fixed_0.50/A beautiful coastal beach in spring, waves lapping on sand by Hokusai, in the style of Ukiyo-0.mp4",
                "video_results": 0.25550733024691363,