{
    "spatial_relationship": [
        0.2746978975121636,
        [
            {
                "video_path": "/nfs/oagrawal/CogVideo/dicache_results/videos/cog_dc_fixed_0.50/a bicycle on the left of a car, front view-0.mp4",
                "video_results": 0.6523885424954556,
                "frame_results": [
                    0.5416710881728729,
                    1,
                    0.5913021101389604,
                    0.5824244358779189,
                    1,
                    0.6512400838294097,
                    0.4738574512012012,
                    0.7862297496318116,
                    0.7193768935839344,
                    0.6079658071485605,
                    0.6550335991173963,
                    1,
                    0.6432529375386519,
                    0.6731864673485445,
                    0.5126760563380282,
                    0
                ]
            },
            {
                "video_path": "/nfs/oagrawal/CogVideo/dicache_results/videos/cog_dc_fixed_0.50/a car on the right of a motorcycle, front view-0.mp4",
                "video_results": 0.11795471138323915,
                "frame_results": [
                    0.2974818925233645,
                    0,
                    0,
                    0.24545311484730345,
                    0.2949653494882739,
                    0,
                    0,
                    0.29668207111772615,
                    0,
                    0,
                    0.23834815928932604,
                    0.2267725157404873,
                    0,
                    0.28757227912534494,
                    0,
                    0
                ]
            },
            {
                "video_path": "/nfs/oagrawal/CogVideo/dicache_results/videos/cog_dc_fixed_0.50/a motorcycle on the left of a bus, front view-0.mp4",
                "video_results": 0.05375043865779598,
                "frame_results": [
                    0,
                    0,
                    0,
                    0,
                    0.2190843263628074,
                    0,
                    0,
                    0,
                    0,
                    0,
                    0,
                    0,
                    0.23110452133835904,
                    0,
                    0.20923673819066282,
                    0.20058143263290654
                ]
            }
        ]
    ]
}