{
    "appearance_style": [
        0.25831790123456805,
        [
            {
                "video_path": "/nfs/oagrawal/CogVideo/easycache_updated_exp/videos/cog_ec_fixed_0.05/A beautiful coastal beach in spring, waves lapping on sand, Van Gogh style-0.mp4",
                "video_results": 0.20124228395061725,
                "frame_results": [
                    0.22078125,
                    0.21921875,
                    0.21734375,
                    0.21203125,
                    0.21046875,
                    0.21234375,
                    0.21125,
                    0.20125,
                    0.20796875,
                    0.20359375,
                    0.19734375,
                    0.19828125,
                    0.195625,
                    0.20625,
                    0.19625,
                    0.2103125,
                    0.1946875,
                    0.18890625,
                    0.188125,
                    0.19453125,
                    0.18609375,
                    0.19171875,
                    0.19125,
                    0.1946875,
                    0.1871875,
                    0.20125,
                    0.20953125,
                    0.20015625,
                    0.19953125,
                    0.19515625,
                    0.19140625,
                    0.18796875,
                    0.1903125,
                    0.2015625,
                    0.1965625,
                    0.19484375,
                    0.19546875,
                    0.21796875,
                    0.2134375,
                    0.2084375,
                    0.21359375,
                    0.21078125,
                    0.21296875,
                    0.21015625,
                    0.2025,
                    0.20828125,
                    0.20484375,
                    0.2034375,
                    0.20984375,
                    0.21078125,
                    0.1984375,
                    0.20921875,
                    0.20984375,
                    0.1909375,
                    0.20125,
                    0.203125,
                    0.204375,
                    0.1896875,
                    0.188125,
                    0.19078125,
                    0.19484375,
                    0.1959375,
                    0.1959375,
                    0.19703125,
                    0.19609375,
                    0.2028125,
                    0.2040625,
                    0.1984375,
                    0.201875,
                    0.19953125,
                    0.2025,
                    0.1975,
                    0.208125,
                    0.1996875,
                    0.19421875,
                    0.193125,
                    0.2040625,
                    0.2096875,
                    0.19265625,
                    0.19734375,
                    0.20109375
                ],
                "cur_sim": 0.20109375
            },
            {
                "video_path": "/nfs/oagrawal/CogVideo/easycache_updated_exp/videos/cog_ec_fixed_0.05/A beautiful coastal beach in spring, waves lapping on sand, oil painting-0.mp4",
                "video_results": 0.2719135802469136,
                "frame_results": [
                    0.271875,
                    0.27421875,
                    0.26953125,
                    0.27,
                    0.2684375,
                    0.268125,
                    0.268125,
                    0.27,
                    0.2709375,
                    0.26890625,
                    0.26765625,
                    0.26578125,
                    0.26609375,
                    0.266875,
                    0.26765625,
                    0.2665625,
                    0.26640625,
                    0.2678125,
                    0.27015625,
                    0.269375,
                    0.2715625,
                    0.27234375,
                    0.27296875,
                    0.27234375,
                    0.2709375,
                    0.27234375,
                    0.27296875,
                    0.27515625,
                    0.27609375,
                    0.27234375,
                    0.2721875,
                    0.27125,
                    0.271875,
                    0.27171875,
                    0.27,
                    0.27046875,
                    0.27125,
                    0.2725,
                    0.27328125,
                    0.27390625,
                    0.275,
                    0.27234375,
                    0.27265625,
                    0.2715625,
                    0.2725,
                    0.2721875,
                    0.27234375,
                    0.27109375,
                    0.27125,
                    0.27140625,
                    0.2715625,
                    0.27109375,
                    0.2740625,
                    0.27640625,
                    0.2740625,
                    0.2746875,
                    0.2725,
                    0.27359375,
                    0.27546875,
                    0.27484375,
                    0.275625,
                    0.2734375,
                    0.2728125,
                    0.2746875,
                    0.27484375,
                    0.27078125,
                    0.2715625,
                    0.2709375,
                    0.27125,
                    0.27234375,
                    0.27234375,
                    0.27328125,
                    0.27359375,
                    0.27234375,
                    0.27328125,
                    0.275625,
                    0.27734375,
                    0.27453125,
                    0.2728125,
                    0.27390625,
                    0.275
                ],
                "cur_sim": 0.275
            },
            {
                "video_path": "/nfs/oagrawal/CogVideo/easycache_updated_exp/videos/cog_ec_fixed_0.05/A beautiful coastal beach in spring, waves lapping on sand by Hokusai, in the style of Ukiyo-0.mp4",
                "video_results": 0.30179783950617284,