{
    "appearance_style": [
        0.24404513888888887,
        [
            {
                "video_path": "/nfs/oagrawal/CogVideo/dicache_results/videos/cog_dc_adaptive_hi0.60_lo0.20_late/A beautiful coastal beach in spring, waves lapping on sand, Van Gogh style-0.mp4",
                "video_results": 0.20518325617283953,
                "frame_results": [
                    0.21453125,
                    0.22375,
                    0.21265625,
                    0.211875,
                    0.21109375,
                    0.20203125,
                    0.20515625,
                    0.199375,
                    0.19703125,
                    0.19578125,
                    0.2125,
                    0.21265625,
                    0.194375,
                    0.21015625,
                    0.19203125,
                    0.1978125,
                    0.195625,
                    0.1965625,
                    0.209375,
                    0.21140625,
                    0.206875,
                    0.1965625,
                    0.201875,
                    0.21703125,
                    0.21609375,
                    0.21546875,
                    0.199375,
                    0.2125,
                    0.2109375,
                    0.20546875,
                    0.2015625,
                    0.19875,
                    0.1959375,
                    0.20296875,
                    0.2065625,
                    0.20875,
                    0.20453125,
                    0.20296875,
                    0.2090625,
                    0.22109375,
                    0.20578125,
                    0.20125,
                    0.2028125,
                    0.2075,
                    0.20296875,
                    0.2084375,
                    0.20421875,
                    0.20609375,
                    0.1965625,
                    0.20265625,
                    0.195,
                    0.1959375,
                    0.19703125,
                    0.1959375,
                    0.20328125,
                    0.20390625,
                    0.20890625,
                    0.19828125,
                    0.20109375,
                    0.20671875,
                    0.20625,
                    0.20234375,
                    0.20375,
                    0.2065625,
                    0.205625,
                    0.20640625,
                    0.20578125,
                    0.2090625,
                    0.21078125,
                    0.20734375,
                    0.2115625,
                    0.20546875,
                    0.2025,
                    0.21015625,
                    0.200625,
                    0.20453125,
                    0.2065625,
                    0.21078125,
                    0.2040625,
                    0.206875,
                    0.20828125
                ],
                "cur_sim": 0.20828125
            },
            {
                "video_path": "/nfs/oagrawal/CogVideo/dicache_results/videos/cog_dc_adaptive_hi0.60_lo0.20_late/A beautiful coastal beach in spring, waves lapping on sand, oil painting-0.mp4",
                "video_results": 0.22640624999999998,
                "frame_results": [
                    0.24140625,
                    0.235625,
                    0.23453125,
                    0.229375,
                    0.2265625,
                    0.2275,
                    0.2275,
                    0.22421875,
                    0.2215625,
                    0.2196875,
                    0.21796875,
                    0.22234375,
                    0.223125,
                    0.22265625,
                    0.221875,
                    0.2215625,
                    0.22046875,
                    0.22,
                    0.22859375,
                    0.2284375,
                    0.23296875,
                    0.22625,
                    0.225625,
                    0.22578125,
                    0.22234375,
                    0.21875,
                    0.225,
                    0.22625,
                    0.22828125,
                    0.23390625,
                    0.22921875,
                    0.23,
                    0.2321875,
                    0.23640625,
                    0.23984375,
                    0.24265625,
                    0.23046875,
                    0.229375,
                    0.23203125,
                    0.23203125,
                    0.22953125,
                    0.24203125,
                    0.23890625,
                    0.23890625,
                    0.23046875,
                    0.2409375,
                    0.2271875,
                    0.223125,
                    0.22296875,
                    0.22515625,
                    0.22453125,
                    0.22984375,
                    0.2303125,
                    0.22625,
                    0.225625,
                    0.22578125,
                    0.22828125,
                    0.2209375,
                    0.2196875,
                    0.21953125,
                    0.21984375,
                    0.22203125,
                    0.22015625,
                    0.22390625,
                    0.223125,
                    0.2190625,
                    0.21703125,
                    0.22015625,
                    0.21765625,
                    0.2225,
                    0.2271875,
                    0.22390625,
                    0.2246875,
                    0.224375,
                    0.22171875,
                    0.223125,
                    0.22421875,
                    0.22078125,
                    0.22,
                    0.21890625,
                    0.22015625
                ],
                "cur_sim": 0.22015625
            },
            {
                "video_path": "/nfs/oagrawal/CogVideo/dicache_results/videos/cog_dc_adaptive_hi0.60_lo0.20_late/A beautiful coastal beach in spring, waves lapping on sand by Hokusai, in the style of Ukiyo-0.mp4",
                "video_results": 0.3005459104938272,