{
  "mode": "cogvideo_adaptive_0.1_17_0.3",
  "baseline": "cogvideo_baseline",
  "num_videos": 33,
  "psnr": {
    "mean": 31.738862971136246,
    "std": 2.246817897094943
  },
  "ssim": {
    "mean": 0.929495376590405,
    "std": 0.0401131957955617
  },
  "lpips": {
    "mean": 0.05898591481759626,
    "std": 0.01679905757469142
  }
}