{
  "mode": "cogvideo_adaptive_0.1_20_0.3",
  "baseline": "cogvideo_baseline",
  "num_videos": 33,
  "psnr": {
    "mean": 32.024969255882034,
    "std": 2.2704737721203068
  },
  "ssim": {
    "mean": 0.9303641937363668,
    "std": 0.04047546567487109
  },
  "lpips": {
    "mean": 0.05774156233937586,
    "std": 0.016511355779186547
  }
}