{
  "mode": "cogvideo_fixed_0.1",
  "baseline": "cogvideo_baseline",
  "num_videos": 33,
  "psnr": {
    "mean": 37.318688915780754,
    "std": 2.89231115492733
  },
  "ssim": {
    "mean": 0.9578087726637748,
    "std": 0.01601624990360345
  },
  "lpips": {
    "mean": 0.029489529943821854,
    "std": 0.006998494379881537
  }
}