{
  "mode": "cogvideo_fixed_0.3",
  "baseline": "cogvideo_baseline",
  "num_videos": 33,
  "psnr": {
    "mean": 16.35011628811669,
    "std": 2.9387511229955594
  },
  "ssim": {
    "mean": 0.5798013750881404,
    "std": 0.13044846180854439
  },
  "lpips": {
    "mean": 0.46287071461807777,
    "std": 0.11358221759152583
  }
}