{
    "appearance_style": [
        0.240920781893004,
        [
            {
                "video_path": "/nfs/oagrawal/CogVideo/dicache_results/videos/cog_dc_adaptive_hi0.60_lo0.10/A beautiful coastal beach in spring, waves lapping on sand, Van Gogh style-0.mp4",
                "video_results": 0.20330246913580244,
                "frame_results": [
                    0.2190625,
                    0.22125,
                    0.22,
                    0.218125,
                    0.216875,
                    0.21734375,
                    0.203125,
                    0.20390625,
                    0.2090625,
                    0.208125,
                    0.2159375,
                    0.21515625,
                    0.215,
                    0.20359375,
                    0.2134375,
                    0.2071875,
                    0.20796875,
                    0.2021875,
                    0.2021875,
                    0.196875,
                    0.19640625,
                    0.1946875,
                    0.19328125,
                    0.19046875,
                    0.19125,
                    0.20203125,
                    0.19875,
                    0.2,
                    0.1953125,
                    0.19375,
                    0.203125,
                    0.19984375,
                    0.1965625,
                    0.1996875,
                    0.2009375,
                    0.196875,
                    0.20421875,
                    0.20515625,
                    0.21171875,
                    0.2071875,
                    0.205625,
                    0.2034375,
                    0.204375,
                    0.2065625,
                    0.20609375,
                    0.20203125,
                    0.1990625,
                    0.20671875,
                    0.19859375,
                    0.2003125,
                    0.1965625,
                    0.199375,
                    0.200625,
                    0.1959375,
                    0.21296875,
                    0.2059375,
                    0.19703125,
                    0.200625,
                    0.19421875,
                    0.1934375,
                    0.205,
                    0.21015625,
                    0.19640625,
                    0.20109375,
                    0.1978125,
                    0.19765625,
                    0.19234375,
                    0.19796875,
                    0.19578125,
                    0.198125,
                    0.19765625,
                    0.20125,
                    0.19828125,
                    0.2046875,
                    0.20953125,
                    0.20859375,
                    0.210625,
                    0.2078125,
                    0.20171875,
                    0.20328125,
                    0.20453125
                ],
                "cur_sim": 0.20453125
            },
            {
                "video_path": "/nfs/oagrawal/CogVideo/dicache_results/videos/cog_dc_adaptive_hi0.60_lo0.10/A beautiful coastal beach in spring, waves lapping on sand, oil painting-0.mp4",
                "video_results": 0.2237287808641975,
                "frame_results": [
                    0.23765625,
                    0.23640625,
                    0.2290625,
                    0.22671875,
                    0.22921875,
                    0.22671875,
                    0.22671875,
                    0.2278125,
                    0.226875,
                    0.22390625,
                    0.23265625,
                    0.2346875,
                    0.233125,
                    0.235625,
                    0.22578125,
                    0.22765625,
                    0.2190625,
                    0.22375,
                    0.22515625,
                    0.22765625,
                    0.23171875,
                    0.22578125,
                    0.23046875,
                    0.225625,
                    0.23078125,
                    0.226875,
                    0.22,
                    0.2196875,
                    0.2240625,
                    0.2240625,
                    0.2240625,
                    0.2234375,
                    0.22890625,
                    0.22390625,
                    0.2278125,
                    0.225,
                    0.22203125,
                    0.223125,
                    0.21859375,
                    0.219375,
                    0.22046875,
                    0.2259375,
                    0.22421875,
                    0.228125,
                    0.22671875,
                    0.224375,
                    0.22359375,
                    0.22296875,
                    0.22078125,
                    0.21625,
                    0.21828125,
                    0.2178125,
                    0.218125,
                    0.21984375,
                    0.22046875,
                    0.21765625,
                    0.2184375,
                    0.22296875,
                    0.219375,
                    0.21625,
                    0.21859375,
                    0.219375,
                    0.22078125,
                    0.21671875,
                    0.21890625,
                    0.2171875,
                    0.21984375,
                    0.2184375,
                    0.22125,
                    0.22484375,
                    0.23390625,
                    0.2221875,
                    0.22546875,
                    0.2225,
                    0.21609375,
                    0.2184375,
                    0.2184375,
                    0.21640625,
                    0.21890625,
                    0.22078125,
                    0.21875
                ],
                "cur_sim": 0.21875
            },
            {
                "video_path": "/nfs/oagrawal/CogVideo/dicache_results/videos/cog_dc_adaptive_hi0.60_lo0.10/A beautiful coastal beach in spring, waves lapping on sand by Hokusai, in the style of Ukiyo-0.mp4",
                "video_results": 0.2957310956790124,