{
    "appearance_style": [
        0.2560406037414966,
        [
            {
                "video_path": "/nfs/oagrawal/CogVideo/vbench_eval_easycache/videos/cog_ec_adapt_f8l8_lo050_hi010/A beautiful coastal beach in spring, waves lapping on sand, Van Gogh style-0.mp4",
                "video_results": 0.21763392857142858,
                "frame_results": [
                    0.2425,
                    0.23765625,
                    0.23703125,
                    0.23,
                    0.2278125,
                    0.21453125,
                    0.2153125,
                    0.22328125,
                    0.2234375,
                    0.218125,
                    0.21359375,
                    0.2165625,
                    0.215,
                    0.21265625,
                    0.2121875,
                    0.21921875,
                    0.2196875,
                    0.20953125,
                    0.2103125,
                    0.20984375,
                    0.21109375,
                    0.21359375,
                    0.21484375,
                    0.21578125,
                    0.21140625,
                    0.22171875,
                    0.21453125,
                    0.21703125,
                    0.22140625,
                    0.22234375,
                    0.21609375,
                    0.2159375,
                    0.21953125,
                    0.221875,
                    0.215,
                    0.2215625,
                    0.22046875,
                    0.215,
                    0.21546875,
                    0.22390625,
                    0.23171875,
                    0.21375,
                    0.20484375,
                    0.20953125,
                    0.20703125,
                    0.20515625,
                    0.20984375,
                    0.21421875,
                    0.21109375
                ],
                "cur_sim": 0.21109375
            },
            {
                "video_path": "/nfs/oagrawal/CogVideo/vbench_eval_easycache/videos/cog_ec_adapt_f8l8_lo050_hi010/A beautiful coastal beach in spring, waves lapping on sand, oil painting-0.mp4",
                "video_results": 0.23940688775510202,
                "frame_results": [
                    0.2565625,
                    0.2478125,
                    0.2540625,
                    0.2584375,
                    0.246875,
                    0.24015625,
                    0.24328125,
                    0.24859375,
                    0.24015625,
                    0.24203125,
                    0.22921875,
                    0.23625,
                    0.23703125,
                    0.245,
                    0.245625,
                    0.23375,
                    0.22015625,
                    0.2440625,
                    0.25015625,
                    0.244375,
                    0.24390625,
                    0.2353125,
                    0.2425,
                    0.24890625,
                    0.25265625,
                    0.2375,
                    0.23,
                    0.2440625,
                    0.23203125,
                    0.24109375,
                    0.2359375,
                    0.24046875,
                    0.23046875,
                    0.236875,
                    0.23515625,
                    0.2375,
                    0.2359375,
                    0.2303125,
                    0.23875,
                    0.24296875,
                    0.24140625,
                    0.23640625,
                    0.22796875,
                    0.23046875,
                    0.235625,
                    0.23015625,
                    0.22296875,
                    0.23484375,
                    0.23515625
                ],
                "cur_sim": 0.23515625
            },
            {
                "video_path": "/nfs/oagrawal/CogVideo/vbench_eval_easycache/videos/cog_ec_adapt_f8l8_lo050_hi010/A beautiful coastal beach in spring, waves lapping on sand by Hokusai, in the style of Ukiyo-0.mp4",
                "video_results": 0.3110809948979592,
                "frame_results": [
                    0.31796875,
                    0.3121875,
                    0.3053125,
                    0.31875,
                    0.31671875,
                    0.311875,
                    0.3246875,
                    0.3215625,
                    0.31625,
                    0.315625,
                    0.31984375,
                    0.316875,
                    0.3246875,
                    0.3121875,
                    0.3146875,
                    0.3175,
                    0.31234375,
                    0.30953125,
                    0.31828125,
                    0.31109375,
                    0.30953125,
                    0.3034375,
                    0.3115625,
                    0.30734375,
                    0.3203125,
                    0.30984375,
                    0.30921875,
                    0.314375,
                    0.3046875,
                    0.320625,
                    0.3121875,
                    0.3215625,
                    0.30859375,
                    0.30875,
                    0.30296875,
                    0.30484375,
                    0.31390625,
                    0.30828125,
                    0.29625,
                    0.30328125,
                    0.2990625,
                    0.31296875,
                    0.30578125,
                    0.29734375,
                    0.29359375,
                    0.30921875,
                    0.30984375,
                    0.30375,
                    0.301875
                ],
                "cur_sim": 0.301875
            }
        ]
    ]
}