{
  "model_id": "THUDM/CogVideoX-2b",
  "prompt": "A panda, dressed in a small red jacket and tiny hat, plays a guitar in a bamboo forest.",
  "negative_prompt": "",
  "seed": 12345,
  "steps": 50,
  "guidance_scale": 6.0,
  "e2e_seconds": 89.4077639579773,
  "transformer_seconds": 84.34411311149597,
  "k_history": [
    27.6875,
    35.90625,
    17.046875,
    9.8515625,
    7.87109375,
    5.015625,
    3.853515625,
    5.0078125,
    5.1875,
    3.333984375,
    3.07421875,
    2.51171875,
    2.16796875,
    2.173828125,
    2.12109375,
    1.8310546875,
    1.6357421875,
    1.4521484375,
    1.32421875,
    1.13671875,
    1.0654296875,
    0.99365234375,
    0.931640625,
    0.89794921875,
    0.85546875,
    0.806640625,
    0.79345703125,
    0.771484375,
    0.79296875,
    0.76513671875,
    0.77294921875,
    0.78564453125,
    0.79248046875,
    0.8095703125,
    0.8291015625,
    0.841796875,
    0.873046875,
    0.8984375,
    0.92724609375,
    0.97705078125,
    1.017578125,
    1.064453125,
    1.1279296875,
    1.181640625,
    1.26171875,
    1.333984375,
    1.4501953125,
    1.599609375,
    1.85546875
  ],
  "pred_change_history": [
    0.1956787109375,
    0.2060546875,
    0.11456298828125,
    0.07440185546875,
    0.0643310546875,
    0.042816162109375,
    0.035980224609375,
    0.049835205078125,
    0.054931640625,
    0.03759765625,
    0.036590576171875,
    0.031524658203125,
    0.028717041015625,
    0.0302734375,
    0.0309906005859375,
    0.0280303955078125,
    0.0262298583984375,
    0.02435302734375,
    0.0231781005859375,
    0.0207672119140625,
    0.020294189453125,
    0.01971435546875,
    0.019256591796875,
    0.0193328857421875,
    0.0191802978515625,
    0.0188140869140625,
    0.019256591796875,
    0.019500732421875,
    0.0208740234375,
    0.02099609375,
    0.0221099853515625,
    0.0234527587890625,
    0.0247039794921875,
    0.0263824462890625,
    0.02825927734375,
    0.030059814453125,
    0.032684326171875,
    0.035308837890625,
    0.038330078125,
    0.04254150390625,
    0.046875,
    0.052001953125,
    0.058807373046875,
    0.06622314453125,
    0.0771484375,
    0.09051513671875,
    0.11376953125,
    0.1580810546875
  ]
}