{
  "model_id": "THUDM/CogVideoX1.5-5B",
  "prompt": "A cat running on grass.",
  "negative_prompt": "",
  "seed": 0,
  "steps": 50,
  "guidance_scale": 6.0,
  "height": 768,
  "width": 1360,
  "num_frames": 81,
  "fps": 16,
  "e2e_seconds": 1024.314664363861,
  "transformer_seconds": 992.7794365882874,
  "k_history": [
    20.0,
    9.1875,
    7.53125,
    5.84375,
    3.71875,
    2.859375,
    2.296875,
    2.0625,
    2.015625,
    2.140625,
    1.6171875,
    1.6953125,
    1.7890625,
    1.4609375,
    1.4375,
    1.375,
    1.3828125,
    1.3203125,
    1.265625,
    1.2578125,
    1.21875,
    1.2578125,
    1.1953125,
    1.1875,
    1.140625,
    1.1484375,
    1.1171875,
    1.109375,
    1.0859375,
    1.125,
    1.03125,
    1.09375,
    1.078125,
    1.0390625,
    1.015625,
    0.953125,
    1.0390625,
    0.9765625,
    1.015625,
    0.9921875,
    1.015625,
    0.9765625,
    1.0703125,
    1.046875,
    1.1953125,
    1.21875,
    1.4140625,
    1.71875,
    2.421875
  ],
  "pred_change_history": [
    0.205078125,
    0.1025390625,
    0.0908203125,
    0.0751953125,
    0.0517578125,
    0.04248046875,
    0.03662109375,
    0.03515625,
    0.036376953125,
    0.04052734375,
    0.03173828125,
    0.03515625,
    0.03857421875,
    0.033447265625,
    0.0341796875,
    0.0341796875,
    0.03564453125,
    0.03515625,
    0.03466796875,
    0.035400390625,
    0.03564453125,
    0.037353515625,
    0.036376953125,
    0.037109375,
    0.0361328125,
    0.037353515625,
    0.03662109375,
    0.036865234375,
    0.03662109375,
    0.03857421875,
    0.035400390625,
    0.0380859375,
    0.0380859375,
    0.037109375,
    0.03662109375,
    0.034423828125,
    0.037841796875,
    0.035888671875,
    0.037841796875,
    0.03759765625,
    0.038818359375,
    0.038330078125,
    0.04248046875,
    0.04345703125,
    0.052001953125,
    0.05615234375,
    0.072265625,
    0.107421875
  ]
}