{
    "appearance_style": [
        0.25827481995884766,
        [
            {
                "video_path": "/nfs/oagrawal/CogVideo/dicache_results/videos/cog_dc_baseline/A beautiful coastal beach in spring, waves lapping on sand, Van Gogh style-0.mp4",
                "video_results": 0.20128665123456788,
                "frame_results": [
                    0.2040625,
                    0.2059375,
                    0.20828125,
                    0.20140625,
                    0.2040625,
                    0.20421875,
                    0.21140625,
                    0.2065625,
                    0.20828125,
                    0.2103125,
                    0.2071875,
                    0.20484375,
                    0.20515625,
                    0.2040625,
                    0.20359375,
                    0.20515625,
                    0.200625,
                    0.188125,
                    0.196875,
                    0.2009375,
                    0.19140625,
                    0.198125,
                    0.18484375,
                    0.1834375,
                    0.1871875,
                    0.1928125,
                    0.19625,
                    0.200625,
                    0.1934375,
                    0.19234375,
                    0.1909375,
                    0.1959375,
                    0.20390625,
                    0.20703125,
                    0.19734375,
                    0.21078125,
                    0.209375,
                    0.201875,
                    0.21609375,
                    0.2071875,
                    0.2121875,
                    0.21296875,
                    0.2109375,
                    0.2125,
                    0.20171875,
                    0.208125,
                    0.20296875,
                    0.2034375,
                    0.201875,
                    0.198125,
                    0.20125,
                    0.2121875,
                    0.20640625,
                    0.19359375,
                    0.19296875,
                    0.1953125,
                    0.195,
                    0.208125,
                    0.2034375,
                    0.19734375,
                    0.19171875,
                    0.1940625,
                    0.1928125,
                    0.2009375,
                    0.2153125,
                    0.201875,
                    0.1965625,
                    0.204375,
                    0.1959375,
                    0.1940625,
                    0.1953125,
                    0.1978125,
                    0.19890625,
                    0.20046875,
                    0.20109375,
                    0.19046875,
                    0.1934375,
                    0.1996875,
                    0.2059375,
                    0.2121875,
                    0.20875
                ],
                "cur_sim": 0.20875
            },
            {
                "video_path": "/nfs/oagrawal/CogVideo/dicache_results/videos/cog_dc_baseline/A beautiful coastal beach in spring, waves lapping on sand, oil painting-0.mp4",
                "video_results": 0.2663927469135802,
                "frame_results": [
                    0.26109375,
                    0.260625,
                    0.26078125,
                    0.26125,
                    0.263125,
                    0.26125,
                    0.26390625,
                    0.26390625,
                    0.2646875,
                    0.26390625,
                    0.26359375,
                    0.26265625,
                    0.265,
                    0.2646875,
                    0.26421875,
                    0.26421875,
                    0.265625,
                    0.2646875,
                    0.264375,
                    0.26359375,
                    0.2640625,
                    0.265,
                    0.26640625,
                    0.26609375,
                    0.2678125,
                    0.26671875,
                    0.26921875,
                    0.2690625,
                    0.27,
                    0.26703125,
                    0.26421875,
                    0.26328125,
                    0.264375,
                    0.26453125,
                    0.2640625,
                    0.26625,
                    0.2675,
                    0.2659375,
                    0.26578125,
                    0.266875,
                    0.26765625,
                    0.2671875,
                    0.263125,
                    0.26375,
                    0.265,
                    0.2646875,
                    0.26484375,
                    0.2640625,
                    0.26625,
                    0.26734375,
                    0.2653125,
                    0.2659375,
                    0.26671875,
                    0.2684375,
                    0.266875,
                    0.26921875,
                    0.2684375,
                    0.2684375,
                    0.269375,
                    0.26921875,
                    0.26890625,
                    0.2690625,
                    0.26828125,
                    0.2678125,
                    0.2690625,
                    0.26875,
                    0.269375,
                    0.2703125,
                    0.270625,
                    0.270625,
                    0.26953125,
                    0.26984375,
                    0.2709375,
                    0.2696875,
                    0.2671875,
                    0.268125,
                    0.26765625,
                    0.26875,
                    0.26890625,
                    0.26984375,
                    0.27125
                ],
                "cur_sim": 0.27125
            },
            {
                "video_path": "/nfs/oagrawal/CogVideo/dicache_results/videos/cog_dc_baseline/A beautiful coastal beach in spring, waves lapping on sand by Hokusai, in the style of Ukiyo-0.mp4",
                "video_results": 0.307145061728395,