{
    "appearance_style": [
        0.25638180272108846,
        [
            {
                "video_path": "/nfs/oagrawal/CogVideo/vbench_eval_easycache/videos/cog_ec_adapt_lo050_hi100/A beautiful coastal beach in spring, waves lapping on sand, Van Gogh style-0.mp4",
                "video_results": 0.21886160714285716,
                "frame_results": [
                    0.23703125,
                    0.23734375,
                    0.2328125,
                    0.2309375,
                    0.22328125,
                    0.21078125,
                    0.2159375,
                    0.2275,
                    0.22390625,
                    0.21390625,
                    0.21203125,
                    0.220625,
                    0.22359375,
                    0.21640625,
                    0.21640625,
                    0.22046875,
                    0.21859375,
                    0.2090625,
                    0.20828125,
                    0.21125,
                    0.21171875,
                    0.20890625,
                    0.21328125,
                    0.2146875,
                    0.2090625,
                    0.22359375,
                    0.2165625,
                    0.219375,
                    0.2246875,
                    0.22734375,
                    0.2303125,
                    0.22625,
                    0.228125,
                    0.218125,
                    0.213125,
                    0.2153125,
                    0.2159375,
                    0.21515625,
                    0.21890625,
                    0.22375,
                    0.23203125,
                    0.20875,
                    0.20796875,
                    0.21015625,
                    0.2090625,
                    0.21015625,
                    0.22421875,
                    0.21953125,
                    0.21796875
                ],
                "cur_sim": 0.21796875
            },
            {
                "video_path": "/nfs/oagrawal/CogVideo/vbench_eval_easycache/videos/cog_ec_adapt_lo050_hi100/A beautiful coastal beach in spring, waves lapping on sand, oil painting-0.mp4",
                "video_results": 0.23874999999999996,
                "frame_results": [
                    0.25484375,
                    0.24421875,
                    0.2503125,
                    0.25515625,
                    0.2396875,
                    0.240625,
                    0.2328125,
                    0.23078125,
                    0.2275,
                    0.2425,
                    0.2259375,
                    0.235625,
                    0.23921875,
                    0.2365625,
                    0.23421875,
                    0.23703125,
                    0.23296875,
                    0.24125,
                    0.24609375,
                    0.2409375,
                    0.24625,
                    0.23078125,
                    0.240625,
                    0.2528125,
                    0.254375,
                    0.22796875,
                    0.234375,
                    0.2434375,
                    0.2296875,
                    0.24765625,
                    0.239375,
                    0.24421875,
                    0.23828125,
                    0.2378125,
                    0.2409375,
                    0.2421875,
                    0.23828125,
                    0.2328125,
                    0.23625,
                    0.23921875,
                    0.2421875,
                    0.2403125,
                    0.23140625,
                    0.23828125,
                    0.2434375,
                    0.22953125,
                    0.22453125,
                    0.23203125,
                    0.23140625
                ],
                "cur_sim": 0.23140625
            },
            {
                "video_path": "/nfs/oagrawal/CogVideo/vbench_eval_easycache/videos/cog_ec_adapt_lo050_hi100/A beautiful coastal beach in spring, waves lapping on sand by Hokusai, in the style of Ukiyo-0.mp4",
                "video_results": 0.3115338010204082,
                "frame_results": [
                    0.31234375,
                    0.314375,
                    0.30375,
                    0.3265625,
                    0.31875,
                    0.32,
                    0.32,
                    0.321875,
                    0.3178125,
                    0.30890625,
                    0.30875,
                    0.3125,
                    0.32125,
                    0.3153125,
                    0.3140625,
                    0.3153125,
                    0.31859375,
                    0.31203125,
                    0.31734375,
                    0.313125,
                    0.30578125,
                    0.30640625,
                    0.313125,
                    0.309375,
                    0.31953125,
                    0.31140625,
                    0.31640625,
                    0.3221875,
                    0.311875,
                    0.32125,
                    0.3171875,
                    0.3253125,
                    0.31015625,
                    0.31328125,
                    0.3071875,
                    0.30609375,
                    0.31328125,
                    0.30578125,
                    0.29015625,
                    0.31078125,
                    0.296875,
                    0.30375,
                    0.31546875,
                    0.29875,
                    0.299375,
                    0.29890625,
                    0.2984375,
                    0.3040625,
                    0.3003125
                ],
                "cur_sim": 0.3003125
            }
        ]
    ]
}