{
    "appearance_style": [
        0.25586947278911565,
        [
            {
                "video_path": "/nfs/oagrawal/CogVideo/vbench_eval_easycache/videos/cog_ec_adapt_lo050_hi080/A beautiful coastal beach in spring, waves lapping on sand, Van Gogh style-0.mp4",
                "video_results": 0.21951849489795916,
                "frame_results": [
                    0.23328125,
                    0.2334375,
                    0.230625,
                    0.228125,
                    0.22515625,
                    0.2125,
                    0.215,
                    0.22578125,
                    0.224375,
                    0.22015625,
                    0.2178125,
                    0.22234375,
                    0.22171875,
                    0.22421875,
                    0.2175,
                    0.2209375,
                    0.22296875,
                    0.214375,
                    0.2146875,
                    0.211875,
                    0.21125,
                    0.2134375,
                    0.21484375,
                    0.2203125,
                    0.21015625,
                    0.224375,
                    0.2184375,
                    0.21953125,
                    0.22796875,
                    0.22328125,
                    0.218125,
                    0.22734375,
                    0.22796875,
                    0.2228125,
                    0.2190625,
                    0.21828125,
                    0.22140625,
                    0.21546875,
                    0.2171875,
                    0.22078125,
                    0.22671875,
                    0.2084375,
                    0.20859375,
                    0.213125,
                    0.21078125,
                    0.21125,
                    0.2153125,
                    0.21328125,
                    0.22
                ],
                "cur_sim": 0.22
            },
            {
                "video_path": "/nfs/oagrawal/CogVideo/vbench_eval_easycache/videos/cog_ec_adapt_lo050_hi080/A beautiful coastal beach in spring, waves lapping on sand, oil painting-0.mp4",
                "video_results": 0.23534438775510205,
                "frame_results": [
                    0.2478125,
                    0.23421875,
                    0.2453125,
                    0.24109375,
                    0.2303125,
                    0.23390625,
                    0.2371875,
                    0.2415625,
                    0.2384375,
                    0.2371875,
                    0.2271875,
                    0.24,
                    0.23796875,
                    0.23578125,
                    0.23609375,
                    0.22984375,
                    0.22546875,
                    0.24203125,
                    0.2415625,
                    0.239375,
                    0.2346875,
                    0.23046875,
                    0.2396875,
                    0.249375,
                    0.25265625,
                    0.2390625,
                    0.23390625,
                    0.238125,
                    0.22828125,
                    0.2415625,
                    0.2346875,
                    0.2359375,
                    0.233125,
                    0.2353125,
                    0.23328125,
                    0.23328125,
                    0.23234375,
                    0.23484375,
                    0.23375,
                    0.23859375,
                    0.23546875,
                    0.23953125,
                    0.22578125,
                    0.228125,
                    0.2275,
                    0.224375,
                    0.21875,
                    0.229375,
                    0.22765625
                ],
                "cur_sim": 0.22765625
            },
            {
                "video_path": "/nfs/oagrawal/CogVideo/vbench_eval_easycache/videos/cog_ec_adapt_lo050_hi080/A beautiful coastal beach in spring, waves lapping on sand by Hokusai, in the style of Ukiyo-0.mp4",
                "video_results": 0.31274553571428576,
                "frame_results": [
                    0.3109375,
                    0.315,
                    0.30234375,
                    0.320625,
                    0.31828125,
                    0.3209375,
                    0.3278125,
                    0.328125,
                    0.30640625,
                    0.319375,
                    0.3203125,
                    0.31953125,
                    0.3209375,
                    0.32125,
                    0.3171875,
                    0.31359375,
                    0.31046875,
                    0.31375,
                    0.31921875,
                    0.31203125,
                    0.31359375,
                    0.31078125,
                    0.31953125,
                    0.30171875,
                    0.31359375,
                    0.30375,
                    0.30671875,
                    0.31859375,
                    0.324375,
                    0.314375,
                    0.30875,
                    0.3134375,
                    0.30625,
                    0.3265625,
                    0.3003125,
                    0.3103125,
                    0.303125,
                    0.3103125,
                    0.3040625,
                    0.318125,
                    0.31015625,
                    0.31609375,
                    0.295,
                    0.29734375,
                    0.300625,
                    0.30953125,
                    0.30828125,
                    0.30359375,
                    0.3175
                ],
                "cur_sim": 0.3175
            }
        ]
    ]
}