{
    "appearance_style": [
        0.25702289094650205,
        [
            {
                "video_path": "/nfs/oagrawal/CogVideo/dicache_results/videos/cog_dc_fixed_0.20/A beautiful coastal beach in spring, waves lapping on sand, Van Gogh style-0.mp4",
                "video_results": 0.19822145061728394,
                "frame_results": [
                    0.2059375,
                    0.195625,
                    0.20203125,
                    0.20359375,
                    0.1940625,
                    0.18796875,
                    0.199375,
                    0.18890625,
                    0.19234375,
                    0.2034375,
                    0.2,
                    0.20015625,
                    0.194375,
                    0.194375,
                    0.198125,
                    0.19828125,
                    0.20203125,
                    0.19078125,
                    0.18890625,
                    0.18875,
                    0.1925,
                    0.2025,
                    0.18875,
                    0.18265625,
                    0.18546875,
                    0.20890625,
                    0.20984375,
                    0.20890625,
                    0.18765625,
                    0.19171875,
                    0.206875,
                    0.19015625,
                    0.19390625,
                    0.1925,
                    0.20078125,
                    0.21546875,
                    0.20640625,
                    0.2175,
                    0.211875,
                    0.2153125,
                    0.20578125,
                    0.21125,
                    0.20140625,
                    0.2025,
                    0.20859375,
                    0.20390625,
                    0.19328125,
                    0.1940625,
                    0.19484375,
                    0.19421875,
                    0.19390625,
                    0.19109375,
                    0.19203125,
                    0.19296875,
                    0.19359375,
                    0.196875,
                    0.20296875,
                    0.20421875,
                    0.1903125,
                    0.1890625,
                    0.19265625,
                    0.20046875,
                    0.191875,
                    0.201875,
                    0.193125,
                    0.199375,
                    0.1959375,
                    0.2065625,
                    0.19734375,
                    0.20125,
                    0.195,
                    0.194375,
                    0.2025,
                    0.2025,
                    0.1940625,
                    0.1975,
                    0.19109375,
                    0.20109375,
                    0.20078125,
                    0.2034375,
                    0.1975
                ],
                "cur_sim": 0.1975
            },
            {
                "video_path": "/nfs/oagrawal/CogVideo/dicache_results/videos/cog_dc_fixed_0.20/A beautiful coastal beach in spring, waves lapping on sand, oil painting-0.mp4",
                "video_results": 0.26490354938271604,
                "frame_results": [
                    0.26140625,
                    0.26109375,
                    0.26140625,
                    0.26265625,
                    0.26328125,
                    0.2628125,
                    0.264375,
                    0.26546875,
                    0.26484375,
                    0.264375,
                    0.26453125,
                    0.2634375,
                    0.2646875,
                    0.2646875,
                    0.2634375,
                    0.26359375,
                    0.2628125,
                    0.2621875,
                    0.26328125,
                    0.263125,
                    0.26359375,
                    0.26421875,
                    0.265,
                    0.26421875,
                    0.26453125,
                    0.2628125,
                    0.26375,
                    0.2628125,
                    0.26453125,
                    0.263125,
                    0.25984375,
                    0.26046875,
                    0.26296875,
                    0.261875,
                    0.2621875,
                    0.26296875,
                    0.26265625,
                    0.2625,
                    0.26359375,
                    0.2628125,
                    0.2634375,
                    0.26171875,
                    0.2628125,
                    0.26171875,
                    0.26328125,
                    0.26203125,
                    0.26171875,
                    0.263125,
                    0.263125,
                    0.26390625,
                    0.2634375,
                    0.26453125,
                    0.26578125,
                    0.26703125,
                    0.266875,
                    0.26578125,
                    0.26765625,
                    0.26859375,
                    0.26875,
                    0.26796875,
                    0.26640625,
                    0.268125,
                    0.26921875,
                    0.26828125,
                    0.268125,
                    0.26890625,
                    0.269375,
                    0.26984375,
                    0.27015625,
                    0.2696875,
                    0.27046875,
                    0.26921875,
                    0.26953125,
                    0.26921875,
                    0.26671875,
                    0.265625,
                    0.2678125,
                    0.26671875,
                    0.2665625,
                    0.26703125,
                    0.26890625
                ],
                "cur_sim": 0.26890625
            },
            {
                "video_path": "/nfs/oagrawal/CogVideo/dicache_results/videos/cog_dc_fixed_0.20/A beautiful coastal beach in spring, waves lapping on sand by Hokusai, in the style of Ukiyo-0.mp4",
                "video_results": 0.3079436728395062,