{
    "appearance_style": [
        0.2558110119047619,
        [
            {
                "video_path": "/nfs/oagrawal/CogVideo/vbench_eval_easycache/videos/cog_ec_adapt_f8l8_lo050_hi012/A beautiful coastal beach in spring, waves lapping on sand, Van Gogh style-0.mp4",
                "video_results": 0.21901147959183676,
                "frame_results": [
                    0.23578125,
                    0.238125,
                    0.23453125,
                    0.22890625,
                    0.2259375,
                    0.21515625,
                    0.2171875,
                    0.2309375,
                    0.22796875,
                    0.21671875,
                    0.21125,
                    0.2209375,
                    0.21703125,
                    0.21546875,
                    0.21421875,
                    0.21953125,
                    0.2225,
                    0.20859375,
                    0.205625,
                    0.20796875,
                    0.214375,
                    0.2165625,
                    0.2196875,
                    0.2165625,
                    0.213125,
                    0.23,
                    0.214375,
                    0.2203125,
                    0.22328125,
                    0.22765625,
                    0.220625,
                    0.22171875,
                    0.22578125,
                    0.2146875,
                    0.2065625,
                    0.2146875,
                    0.2140625,
                    0.21953125,
                    0.21859375,
                    0.22109375,
                    0.2278125,
                    0.21109375,
                    0.20984375,
                    0.21125,
                    0.20609375,
                    0.2140625,
                    0.21765625,
                    0.22421875,
                    0.221875
                ],
                "cur_sim": 0.221875
            },
            {
                "video_path": "/nfs/oagrawal/CogVideo/vbench_eval_easycache/videos/cog_ec_adapt_f8l8_lo050_hi012/A beautiful coastal beach in spring, waves lapping on sand, oil painting-0.mp4",
                "video_results": 0.2381855867346939,
                "frame_results": [
                    0.2525,
                    0.24546875,
                    0.2453125,
                    0.24765625,
                    0.22953125,
                    0.2390625,
                    0.24234375,
                    0.2453125,
                    0.23984375,
                    0.2421875,
                    0.2346875,
                    0.233125,
                    0.245,
                    0.24671875,
                    0.24984375,
                    0.2428125,
                    0.23375,
                    0.2325,
                    0.2490625,
                    0.24546875,
                    0.239375,
                    0.2359375,
                    0.24109375,
                    0.241875,
                    0.25015625,
                    0.22296875,
                    0.23125,
                    0.23,
                    0.22640625,
                    0.24,
                    0.23484375,
                    0.2425,
                    0.235625,
                    0.2309375,
                    0.2334375,
                    0.24015625,
                    0.23015625,
                    0.22765625,
                    0.239375,
                    0.2415625,
                    0.2396875,
                    0.2315625,
                    0.226875,
                    0.23484375,
                    0.24328125,
                    0.230625,
                    0.2278125,
                    0.2409375,
                    0.23796875
                ],
                "cur_sim": 0.23796875
            },
            {
                "video_path": "/nfs/oagrawal/CogVideo/vbench_eval_easycache/videos/cog_ec_adapt_f8l8_lo050_hi012/A beautiful coastal beach in spring, waves lapping on sand by Hokusai, in the style of Ukiyo-0.mp4",
                "video_results": 0.3102359693877551,
                "frame_results": [
                    0.3165625,
                    0.315625,
                    0.294375,
                    0.325625,
                    0.31078125,
                    0.31515625,
                    0.3215625,
                    0.320625,
                    0.31609375,
                    0.3125,
                    0.31375,
                    0.31703125,
                    0.326875,
                    0.320625,
                    0.30859375,
                    0.31578125,
                    0.31359375,
                    0.3096875,
                    0.315,
                    0.30375,
                    0.29984375,
                    0.29984375,
                    0.30796875,
                    0.31734375,
                    0.3096875,
                    0.30875,
                    0.30875,
                    0.3203125,
                    0.31296875,
                    0.31125,
                    0.30890625,
                    0.3284375,
                    0.31859375,
                    0.31140625,
                    0.3053125,
                    0.3028125,
                    0.306875,
                    0.30625,
                    0.29546875,
                    0.31,
                    0.29765625,
                    0.3146875,
                    0.31328125,
                    0.29703125,
                    0.2953125,
                    0.29546875,
                    0.30484375,
                    0.30390625,
                    0.295
                ],
                "cur_sim": 0.295
            }
        ]
    ]
}