{
    "appearance_style": [
        0.2504571759259258,
        [
            {
                "video_path": "/nfs/oagrawal/CogVideo/dicache_results/videos/cog_dc_adaptive_hi0.60_lo0.20/A beautiful coastal beach in spring, waves lapping on sand, Van Gogh style-0.mp4",
                "video_results": 0.2154513888888889,
                "frame_results": [
                    0.22609375,
                    0.22671875,
                    0.2246875,
                    0.22765625,
                    0.22921875,
                    0.22015625,
                    0.2109375,
                    0.21875,
                    0.20796875,
                    0.21078125,
                    0.21078125,
                    0.2103125,
                    0.2071875,
                    0.20890625,
                    0.2090625,
                    0.216875,
                    0.20765625,
                    0.21171875,
                    0.21484375,
                    0.2140625,
                    0.21109375,
                    0.2115625,
                    0.20921875,
                    0.21234375,
                    0.21078125,
                    0.214375,
                    0.21890625,
                    0.21875,
                    0.21609375,
                    0.21921875,
                    0.2175,
                    0.22171875,
                    0.215,
                    0.23078125,
                    0.22515625,
                    0.2134375,
                    0.21421875,
                    0.22375,
                    0.22046875,
                    0.2246875,
                    0.22046875,
                    0.2146875,
                    0.21890625,
                    0.22015625,
                    0.2209375,
                    0.22203125,
                    0.2221875,
                    0.22265625,
                    0.21453125,
                    0.2225,
                    0.2159375,
                    0.21578125,
                    0.21125,
                    0.21890625,
                    0.20640625,
                    0.2196875,
                    0.21203125,
                    0.206875,
                    0.2175,
                    0.2115625,
                    0.2053125,
                    0.21078125,
                    0.20859375,
                    0.211875,
                    0.20953125,
                    0.2153125,
                    0.2128125,
                    0.21953125,
                    0.21890625,
                    0.21046875,
                    0.21015625,
                    0.21625,
                    0.21203125,
                    0.20671875,
                    0.2059375,
                    0.20953125,
                    0.21625,
                    0.21,
                    0.2125,
                    0.21515625,
                    0.21546875
                ],
                "cur_sim": 0.21546875
            },
            {
                "video_path": "/nfs/oagrawal/CogVideo/dicache_results/videos/cog_dc_adaptive_hi0.60_lo0.20/A beautiful coastal beach in spring, waves lapping on sand, oil painting-0.mp4",
                "video_results": 0.2321315586419753,
                "frame_results": [
                    0.2390625,
                    0.2425,
                    0.23453125,
                    0.23625,
                    0.2271875,
                    0.2265625,
                    0.23578125,
                    0.23015625,
                    0.22859375,
                    0.2246875,
                    0.23078125,
                    0.2359375,
                    0.236875,
                    0.231875,
                    0.22671875,
                    0.2315625,
                    0.22546875,
                    0.23546875,
                    0.23546875,
                    0.23796875,
                    0.2365625,
                    0.231875,
                    0.23234375,
                    0.23109375,
                    0.2325,
                    0.21859375,
                    0.2271875,
                    0.23078125,
                    0.235625,
                    0.236875,
                    0.23875,
                    0.2359375,
                    0.2403125,
                    0.23453125,
                    0.2375,
                    0.236875,
                    0.2390625,
                    0.2353125,
                    0.24015625,
                    0.240625,
                    0.24109375,
                    0.2421875,
                    0.235,
                    0.2378125,
                    0.2353125,
                    0.2328125,
                    0.23890625,
                    0.234375,
                    0.230625,
                    0.23078125,
                    0.2334375,
                    0.22796875,
                    0.224375,
                    0.22234375,
                    0.22796875,
                    0.2278125,
                    0.225625,
                    0.22390625,
                    0.22921875,
                    0.22953125,
                    0.2315625,
                    0.22953125,
                    0.229375,
                    0.2309375,
                    0.228125,
                    0.22609375,
                    0.2290625,
                    0.23140625,
                    0.23109375,
                    0.234375,
                    0.23671875,
                    0.23578125,
                    0.23984375,
                    0.22984375,
                    0.2290625,
                    0.23234375,
                    0.223125,
                    0.22234375,
                    0.221875,
                    0.2259375,
                    0.2271875
                ],
                "cur_sim": 0.2271875
            },
            {
                "video_path": "/nfs/oagrawal/CogVideo/dicache_results/videos/cog_dc_adaptive_hi0.60_lo0.20/A beautiful coastal beach in spring, waves lapping on sand by Hokusai, in the style of Ukiyo-0.mp4",
                "video_results": 0.30378858024691363,