{
    "appearance_style": [
        0.24897183641975315,
        [
            {
                "video_path": "/nfs/oagrawal/CogVideo/dicache_results/videos/cog_dc_fixed_0.60/A beautiful coastal beach in spring, waves lapping on sand, Van Gogh style-0.mp4",
                "video_results": 0.2392476851851852,
                "frame_results": [
                    0.25140625,
                    0.2575,
                    0.24828125,
                    0.24953125,
                    0.25734375,
                    0.2390625,
                    0.2396875,
                    0.245625,
                    0.24328125,
                    0.24015625,
                    0.23875,
                    0.23359375,
                    0.24,
                    0.251875,
                    0.25921875,
                    0.25703125,
                    0.25671875,
                    0.26234375,
                    0.25890625,
                    0.25171875,
                    0.2453125,
                    0.2453125,
                    0.2471875,
                    0.244375,
                    0.238125,
                    0.24359375,
                    0.25046875,
                    0.250625,
                    0.24296875,
                    0.245625,
                    0.23375,
                    0.23765625,
                    0.2421875,
                    0.24234375,
                    0.249375,
                    0.2559375,
                    0.2646875,
                    0.2578125,
                    0.26265625,
                    0.25359375,
                    0.25265625,
                    0.244375,
                    0.23,
                    0.22546875,
                    0.22890625,
                    0.22328125,
                    0.21796875,
                    0.2228125,
                    0.2265625,
                    0.23234375,
                    0.223125,
                    0.22453125,
                    0.22640625,
                    0.23328125,
                    0.22390625,
                    0.223125,
                    0.219375,
                    0.23828125,
                    0.2484375,
                    0.24234375,
                    0.24765625,
                    0.24609375,
                    0.2371875,
                    0.2390625,
                    0.248125,
                    0.2490625,
                    0.23140625,
                    0.22125,
                    0.22109375,
                    0.22109375,
                    0.22828125,
                    0.229375,
                    0.23125,
                    0.22421875,
                    0.2221875,
                    0.225,
                    0.22921875,
                    0.2265625,
                    0.21734375,
                    0.21953125,
                    0.22125
                ],
                "cur_sim": 0.22125
            },
            {
                "video_path": "/nfs/oagrawal/CogVideo/dicache_results/videos/cog_dc_fixed_0.60/A beautiful coastal beach in spring, waves lapping on sand, oil painting-0.mp4",
                "video_results": 0.22743055555555555,
                "frame_results": [
                    0.245,
                    0.2409375,
                    0.2321875,
                    0.2334375,
                    0.2271875,
                    0.22609375,
                    0.22390625,
                    0.22359375,
                    0.2225,
                    0.22203125,
                    0.220625,
                    0.22921875,
                    0.23125,
                    0.22765625,
                    0.221875,
                    0.225,
                    0.2221875,
                    0.21609375,
                    0.2134375,
                    0.21734375,
                    0.22109375,
                    0.2190625,
                    0.22328125,
                    0.2334375,
                    0.23375,
                    0.22671875,
                    0.23078125,
                    0.23453125,
                    0.23265625,
                    0.23484375,
                    0.2334375,
                    0.2315625,
                    0.23328125,
                    0.22984375,
                    0.22671875,
                    0.2309375,
                    0.2346875,
                    0.215625,
                    0.22875,
                    0.23671875,
                    0.23546875,
                    0.23296875,
                    0.2315625,
                    0.23828125,
                    0.2278125,
                    0.2278125,
                    0.221875,
                    0.22515625,
                    0.22609375,
                    0.23015625,
                    0.228125,
                    0.23484375,
                    0.24046875,
                    0.2296875,
                    0.22734375,
                    0.2365625,
                    0.23109375,
                    0.2340625,
                    0.2196875,
                    0.22765625,
                    0.22375,
                    0.22375,
                    0.22140625,
                    0.22609375,
                    0.22671875,
                    0.22125,
                    0.22109375,
                    0.22734375,
                    0.2259375,
                    0.209375,
                    0.21421875,
                    0.21578125,
                    0.2134375,
                    0.22453125,
                    0.223125,
                    0.2328125,
                    0.228125,
                    0.225625,
                    0.2303125,
                    0.2321875,
                    0.235
                ],
                "cur_sim": 0.235
            },
            {
                "video_path": "/nfs/oagrawal/CogVideo/dicache_results/videos/cog_dc_fixed_0.60/A beautiful coastal beach in spring, waves lapping on sand by Hokusai, in the style of Ukiyo-0.mp4",
                "video_results": 0.28023726851851855,