{
    "appearance_style": [
        0.2624787414965986,
        [
            {
                "video_path": "/nfs/oagrawal/CogVideo/vbench_eval_easycache/videos/cog_ec_fixed_0.035/A beautiful coastal beach in spring, waves lapping on sand, Van Gogh style-0.mp4",
                "video_results": 0.22537946428571431,
                "frame_results": [
                    0.24328125,
                    0.23359375,
                    0.2434375,
                    0.234375,
                    0.229375,
                    0.21453125,
                    0.221875,
                    0.22671875,
                    0.22734375,
                    0.21796875,
                    0.21859375,
                    0.22453125,
                    0.219375,
                    0.224375,
                    0.21890625,
                    0.22234375,
                    0.23234375,
                    0.23421875,
                    0.22625,
                    0.22578125,
                    0.21953125,
                    0.22375,
                    0.226875,
                    0.22296875,
                    0.2125,
                    0.22609375,
                    0.22640625,
                    0.22671875,
                    0.229375,
                    0.2328125,
                    0.226875,
                    0.2296875,
                    0.231875,
                    0.22390625,
                    0.22453125,
                    0.22375,
                    0.21921875,
                    0.231875,
                    0.23140625,
                    0.22703125,
                    0.23015625,
                    0.216875,
                    0.22203125,
                    0.22578125,
                    0.2175,
                    0.21578125,
                    0.22,
                    0.22078125,
                    0.21828125
                ],
                "cur_sim": 0.21828125
            },
            {
                "video_path": "/nfs/oagrawal/CogVideo/vbench_eval_easycache/videos/cog_ec_fixed_0.035/A beautiful coastal beach in spring, waves lapping on sand, oil painting-0.mp4",
                "video_results": 0.2402391581632653,
                "frame_results": [
                    0.2484375,
                    0.24734375,
                    0.24890625,
                    0.24890625,
                    0.2428125,
                    0.2375,
                    0.2390625,
                    0.2378125,
                    0.24265625,
                    0.23765625,
                    0.2359375,
                    0.23484375,
                    0.24328125,
                    0.23578125,
                    0.23921875,
                    0.2353125,
                    0.22875,
                    0.240625,
                    0.23734375,
                    0.239375,
                    0.2359375,
                    0.2425,
                    0.2359375,
                    0.245,
                    0.24328125,
                    0.2340625,
                    0.23546875,
                    0.23890625,
                    0.235,
                    0.241875,
                    0.24578125,
                    0.2421875,
                    0.24671875,
                    0.2403125,
                    0.2459375,
                    0.245625,
                    0.24953125,
                    0.24,
                    0.2459375,
                    0.2465625,
                    0.24859375,
                    0.2421875,
                    0.2403125,
                    0.23640625,
                    0.23796875,
                    0.22796875,
                    0.22890625,
                    0.235625,
                    0.235625
                ],
                "cur_sim": 0.235625
            },
            {
                "video_path": "/nfs/oagrawal/CogVideo/vbench_eval_easycache/videos/cog_ec_fixed_0.035/A beautiful coastal beach in spring, waves lapping on sand by Hokusai, in the style of Ukiyo-0.mp4",
                "video_results": 0.32181760204081633,
                "frame_results": [
                    0.3228125,
                    0.30734375,
                    0.315,
                    0.3184375,
                    0.3178125,
                    0.3259375,
                    0.320625,
                    0.3284375,
                    0.31296875,
                    0.3196875,
                    0.3228125,
                    0.331875,
                    0.3275,
                    0.328125,
                    0.329375,
                    0.326875,
                    0.3321875,
                    0.32375,
                    0.333125,
                    0.3228125,
                    0.3290625,
                    0.3303125,
                    0.336875,
                    0.3240625,
                    0.31875,
                    0.32,
                    0.3221875,
                    0.328125,
                    0.3228125,
                    0.3196875,
                    0.3178125,
                    0.324375,
                    0.32125,
                    0.3203125,
                    0.321875,
                    0.326875,
                    0.31234375,
                    0.30703125,
                    0.30828125,
                    0.3253125,
                    0.3121875,
                    0.31171875,
                    0.30234375,
                    0.320625,
                    0.323125,
                    0.31890625,
                    0.3290625,
                    0.323125,
                    0.323125
                ],
                "cur_sim": 0.323125
            }
        ]
    ]
}