{
    "appearance_style": [
        0.24251478909465024,
        [
            {
                "video_path": "/nfs/oagrawal/CogVideo/easycache_updated_exp/videos/cog_ec_fixed_0.20/A beautiful coastal beach in spring, waves lapping on sand, Van Gogh style-0.mp4",
                "video_results": 0.22442515432098767,
                "frame_results": [
                    0.23828125,
                    0.229375,
                    0.22828125,
                    0.221875,
                    0.224375,
                    0.2140625,
                    0.2146875,
                    0.216875,
                    0.218125,
                    0.21640625,
                    0.21765625,
                    0.21859375,
                    0.2175,
                    0.22046875,
                    0.225625,
                    0.22703125,
                    0.2246875,
                    0.2109375,
                    0.2146875,
                    0.2159375,
                    0.21484375,
                    0.2196875,
                    0.2275,
                    0.22265625,
                    0.225,
                    0.23390625,
                    0.2346875,
                    0.23140625,
                    0.23140625,
                    0.224375,
                    0.2334375,
                    0.235,
                    0.239375,
                    0.239375,
                    0.23328125,
                    0.226875,
                    0.22828125,
                    0.22421875,
                    0.231875,
                    0.22140625,
                    0.2171875,
                    0.22828125,
                    0.22140625,
                    0.22734375,
                    0.22703125,
                    0.21625,
                    0.21203125,
                    0.21640625,
                    0.2215625,
                    0.2265625,
                    0.22109375,
                    0.2121875,
                    0.22703125,
                    0.21390625,
                    0.22453125,
                    0.2346875,
                    0.22375,
                    0.2259375,
                    0.2190625,
                    0.21671875,
                    0.22171875,
                    0.24109375,
                    0.23125,
                    0.2278125,
                    0.23828125,
                    0.238125,
                    0.2296875,
                    0.23078125,
                    0.22734375,
                    0.22703125,
                    0.21859375,
                    0.22328125,
                    0.22265625,
                    0.2228125,
                    0.220625,
                    0.2221875,
                    0.2221875,
                    0.2221875,
                    0.22234375,
                    0.2253125,
                    0.21609375
                ],
                "cur_sim": 0.21609375
            },
            {
                "video_path": "/nfs/oagrawal/CogVideo/easycache_updated_exp/videos/cog_ec_fixed_0.20/A beautiful coastal beach in spring, waves lapping on sand, oil painting-0.mp4",
                "video_results": 0.23630979938271604,
                "frame_results": [
                    0.25671875,
                    0.25640625,
                    0.2490625,
                    0.234375,
                    0.2284375,
                    0.2284375,
                    0.2234375,
                    0.2328125,
                    0.22953125,
                    0.23171875,
                    0.2334375,
                    0.23828125,
                    0.2378125,
                    0.24203125,
                    0.233125,
                    0.23125,
                    0.2334375,
                    0.23484375,
                    0.2353125,
                    0.226875,
                    0.2325,
                    0.241875,
                    0.24515625,
                    0.24640625,
                    0.245,
                    0.245625,
                    0.24546875,
                    0.24140625,
                    0.24359375,
                    0.2446875,
                    0.25109375,
                    0.254375,
                    0.25515625,
                    0.24546875,
                    0.24,
                    0.23984375,
                    0.2375,
                    0.2540625,
                    0.25390625,
                    0.25578125,
                    0.25109375,
                    0.25078125,
                    0.2509375,
                    0.2490625,
                    0.2459375,
                    0.2346875,
                    0.23171875,
                    0.228125,
                    0.22984375,
                    0.2334375,
                    0.23,
                    0.2321875,
                    0.22953125,
                    0.228125,
                    0.22390625,
                    0.22578125,
                    0.22671875,
                    0.22671875,
                    0.22625,
                    0.22546875,
                    0.225,
                    0.22953125,
                    0.2315625,
                    0.2321875,
                    0.23171875,
                    0.240625,
                    0.24046875,
                    0.23328125,
                    0.231875,
                    0.22921875,
                    0.2284375,
                    0.235625,
                    0.23609375,
                    0.231875,
                    0.228125,
                    0.2284375,
                    0.229375,
                    0.21984375,
                    0.21953125,
                    0.21890625,
                    0.2228125
                ],
                "cur_sim": 0.2228125
            },
            {
                "video_path": "/nfs/oagrawal/CogVideo/easycache_updated_exp/videos/cog_ec_fixed_0.20/A beautiful coastal beach in spring, waves lapping on sand by Hokusai, in the style of Ukiyo-0.mp4",
                "video_results": 0.26680941358024696,