{
    "appearance_style": [
        0.2394875257201646,
        [
            {
                "video_path": "/nfs/oagrawal/CogVideo/easycache_updated_exp/videos/cog_ec_adaptive_hi0.15_lo0.075_f9_l6/A beautiful coastal beach in spring, waves lapping on sand, Van Gogh style-0.mp4",
                "video_results": 0.21747685185185184,
                "frame_results": [
                    0.234375,
                    0.23453125,
                    0.22,
                    0.21640625,
                    0.2140625,
                    0.204375,
                    0.2059375,
                    0.20578125,
                    0.2053125,
                    0.20703125,
                    0.21171875,
                    0.21296875,
                    0.2115625,
                    0.21234375,
                    0.2103125,
                    0.2128125,
                    0.21359375,
                    0.20890625,
                    0.21203125,
                    0.21453125,
                    0.21453125,
                    0.2084375,
                    0.2128125,
                    0.21828125,
                    0.22984375,
                    0.2278125,
                    0.2309375,
                    0.22390625,
                    0.22140625,
                    0.213125,
                    0.2178125,
                    0.22359375,
                    0.225625,
                    0.2259375,
                    0.2275,
                    0.2203125,
                    0.2215625,
                    0.20890625,
                    0.21859375,
                    0.21703125,
                    0.2078125,
                    0.21890625,
                    0.223125,
                    0.22296875,
                    0.22234375,
                    0.20828125,
                    0.206875,
                    0.21171875,
                    0.21765625,
                    0.2190625,
                    0.2178125,
                    0.2159375,
                    0.21984375,
                    0.21328125,
                    0.2134375,
                    0.216875,
                    0.2140625,
                    0.2159375,
                    0.21171875,
                    0.2071875,
                    0.21234375,
                    0.2259375,
                    0.22640625,
                    0.22265625,
                    0.23125,
                    0.241875,
                    0.2203125,
                    0.2228125,
                    0.22328125,
                    0.21890625,
                    0.21703125,
                    0.21421875,
                    0.2184375,
                    0.21359375,
                    0.2159375,
                    0.21859375,
                    0.21234375,
                    0.21671875,
                    0.22078125,
                    0.221875,
                    0.21890625
                ],
                "cur_sim": 0.21890625
            },
            {
                "video_path": "/nfs/oagrawal/CogVideo/easycache_updated_exp/videos/cog_ec_adaptive_hi0.15_lo0.075_f9_l6/A beautiful coastal beach in spring, waves lapping on sand, oil painting-0.mp4",
                "video_results": 0.23069251543209873,
                "frame_results": [
                    0.25765625,
                    0.24984375,
                    0.238125,
                    0.22984375,
                    0.2290625,
                    0.226875,
                    0.22390625,
                    0.2259375,
                    0.2296875,
                    0.2259375,
                    0.22890625,
                    0.22890625,
                    0.2340625,
                    0.235625,
                    0.23140625,
                    0.2321875,
                    0.23109375,
                    0.2334375,
                    0.23234375,
                    0.23015625,
                    0.23203125,
                    0.2328125,
                    0.2321875,
                    0.23484375,
                    0.2334375,
                    0.231875,
                    0.234375,
                    0.23609375,
                    0.23921875,
                    0.23234375,
                    0.235,
                    0.2409375,
                    0.2346875,
                    0.23578125,
                    0.23609375,
                    0.23171875,
                    0.23109375,
                    0.24015625,
                    0.24640625,
                    0.24609375,
                    0.2434375,
                    0.24734375,
                    0.239375,
                    0.2409375,
                    0.235625,
                    0.22765625,
                    0.22453125,
                    0.2296875,
                    0.22703125,
                    0.22796875,
                    0.23390625,
                    0.2359375,
                    0.23015625,
                    0.225625,
                    0.21859375,
                    0.2209375,
                    0.223125,
                    0.22109375,
                    0.21875,
                    0.21953125,
                    0.219375,
                    0.2228125,
                    0.2246875,
                    0.22625,
                    0.226875,
                    0.23109375,
                    0.22859375,
                    0.23125,
                    0.22875,
                    0.22234375,
                    0.2209375,
                    0.22609375,
                    0.22734375,
                    0.22515625,
                    0.2296875,
                    0.22359375,
                    0.22671875,
                    0.2184375,
                    0.21859375,
                    0.22046875,
                    0.22359375
                ],
                "cur_sim": 0.22359375
            },
            {
                "video_path": "/nfs/oagrawal/CogVideo/easycache_updated_exp/videos/cog_ec_adaptive_hi0.15_lo0.075_f9_l6/A beautiful coastal beach in spring, waves lapping on sand by Hokusai, in the style of Ukiyo-0.mp4",
                "video_results": 0.27029320987654326,