{
  "mode": "cog_dc_adaptive_hi0.50_lo0.10",
  "baseline": "cog_dc_baseline",
  "num_videos": 33,
  "psnr": {
    "mean": 15.855819827713617,
    "std": 3.067267191977346
  },
  "ssim": {
    "mean": 0.6093124824234675,
    "std": 0.13350582509802922
  },
  "lpips": {
    "mean": 0.5142387702330817,
    "std": 0.12108152244290316
  }
}