{
  "mode": "cog_dc_adaptive_hi0.60_lo0.20",
  "baseline": "cog_dc_baseline",
  "num_videos": 33,
  "psnr": {
    "mean": 15.362916940577414,
    "std": 2.6459791220105453
  },
  "ssim": {
    "mean": 0.6107074238421538,
    "std": 0.14137859131657582
  },
  "lpips": {
    "mean": 0.5018926301153689,
    "std": 0.13439270282916776
  }
}