{
  "mode": "cog_dc_fixed_0.35",
  "baseline": "cog_dc_baseline",
  "num_videos": 33,
  "psnr": {
    "mean": 15.985455075747298,
    "std": 3.2371091747508993
  },
  "ssim": {
    "mean": 0.6211160910410591,
    "std": 0.1471147653800633
  },
  "lpips": {
    "mean": 0.47294143764347435,
    "std": 0.14093680601117134
  }
}