{
  "mode": "cog_dc_fixed_0.50",
  "baseline": "cog_dc_baseline",
  "num_videos": 33,
  "psnr": {
    "mean": 13.333923726344697,
    "std": 2.225894433062128
  },
  "ssim": {
    "mean": 0.5407865429583529,
    "std": 0.13890049287909867
  },
  "lpips": {
    "mean": 0.569105414083465,
    "std": 0.09298570983801357
  }
}