{
  "mode": "cog_dc_fixed_0.05",
  "baseline": "cog_dc_baseline",
  "num_videos": 33,
  "psnr": {
    "mean": 38.41421532202563,
    "std": 1.9572958367574806
  },
  "ssim": {
    "mean": 0.9633980902384942,
    "std": 0.010456306092826006
  },
  "lpips": {
    "mean": 0.023136319584581472,
    "std": 0.0067875815646669686
  }
}