{
  "mode": "cog_dc_fixed_0.30",
  "baseline": "cog_dc_baseline",
  "num_videos": 33,
  "psnr": {
    "mean": 27.60394829263916,
    "std": 1.9483858804549932
  },
  "ssim": {
    "mean": 0.9225303006291914,
    "std": 0.02431724710422718
  },
  "lpips": {
    "mean": 0.07267150284392843,
    "std": 0.015456209410009601
  }
}