{
  "mode": "cog_dc_fixed_0.20",
  "baseline": "cog_dc_baseline",
  "num_videos": 33,
  "psnr": {
    "mean": 33.55919027912936,
    "std": 1.815248416396894
  },
  "ssim": {
    "mean": 0.9503227021963875,
    "std": 0.01358888192651224
  },
  "lpips": {
    "mean": 0.040405933610367456,
    "std": 0.008757950863220764
  }
}