{
  "mode": "cog_dc_adaptive_hi0.30_lo0.05_late",
  "baseline": "cog_dc_baseline",
  "num_videos": 33,
  "psnr": {
    "mean": 16.02514242608853,
    "std": 3.803741896671056
  },
  "ssim": {
    "mean": 0.6178335239350581,
    "std": 0.15505963843609213
  },
  "lpips": {
    "mean": 0.4717921247720451,
    "std": 0.14357251005252278
  }
}