{
  "mode": "cog_dc_adaptive_hi0.25_lo0.05_late",
  "baseline": "cog_dc_baseline",
  "num_videos": 33,
  "psnr": {
    "mean": 16.05166141385928,
    "std": 3.8390772955286923
  },
  "ssim": {
    "mean": 0.6184262809172918,
    "std": 0.15513737969565772
  },
  "lpips": {
    "mean": 0.47009114529470625,
    "std": 0.14313820066853858
  }
}