{
  "mode": "cog_dc_adaptive_hi0.70_lo0.20",
  "baseline": "cog_dc_baseline",
  "num_videos": 33,
  "psnr": {
    "mean": 15.200039923714407,
    "std": 2.55762427161764
  },
  "ssim": {
    "mean": 0.6124225706879558,
    "std": 0.1427027386581931
  },
  "lpips": {
    "mean": 0.5039954821893083,
    "std": 0.13618164961325327
  }
}