{
  "mode": "cog_dc_adaptive_hi0.70_lo0.10",
  "baseline": "cog_dc_baseline",
  "num_videos": 33,
  "psnr": {
    "mean": 15.919788059126883,
    "std": 3.5973724730797105
  },
  "ssim": {
    "mean": 0.6167379445861502,
    "std": 0.14271339508063335
  },
  "lpips": {
    "mean": 0.49055524401748574,
    "std": 0.1329019148991225
  }
}