{
  "mode": "cog_dc_adaptive_hi0.60_lo0.10",
  "baseline": "cog_dc_baseline",
  "num_videos": 33,
  "psnr": {
    "mean": 16.067797156091785,
    "std": 3.6833421451495263
  },
  "ssim": {
    "mean": 0.6233783526101886,
    "std": 0.14991610893759533
  },
  "lpips": {
    "mean": 0.4791883565081312,
    "std": 0.14217519939978707
  }
}