{
  "mode": "cog_dc_adaptive_hi0.25_lo0.10_early",
  "baseline": "cog_dc_baseline",
  "num_videos": 33,
  "psnr": {
    "mean": 16.10830566818779,
    "std": 3.7502805892391193
  },
  "ssim": {
    "mean": 0.6190480498283172,
    "std": 0.15387768565850035
  },
  "lpips": {
    "mean": 0.46978926744759414,
    "std": 0.14250249783787308
  }
}