{
  "mode": "cog_dc_fixed_0.70",
  "baseline": "cog_dc_baseline",
  "num_videos": 33,
  "psnr": {
    "mean": 13.092934806279851,
    "std": 2.049368448728248
  },
  "ssim": {
    "mean": 0.5135544929860884,
    "std": 0.14105092752559012
  },
  "lpips": {
    "mean": 0.6035929634425689,
    "std": 0.08058972557203328
  }
}