{
  "mode": "cog_dc_fixed_0.40",
  "baseline": "cog_dc_baseline",
  "num_videos": 33,
  "psnr": {
    "mean": 15.78240431501979,
    "std": 2.8913935724099433
  },
  "ssim": {
    "mean": 0.6267453414580996,
    "std": 0.14266984717158998
  },
  "lpips": {
    "mean": 0.48026436754058816,
    "std": 0.14040378926669053
  }
}