{
  "mode": "cog_dc_fixed_0.15",
  "baseline": "cog_dc_baseline",
  "num_videos": 33,
  "psnr": {
    "mean": 36.39776456179277,
    "std": 1.6375909205755108
  },
  "ssim": {
    "mean": 0.9585111755641474,
    "std": 0.011943198686476366
  },
  "lpips": {
    "mean": 0.029654996897126355,
    "std": 0.007474375777750379
  }
}