{
  "mode": "cog_dc_fixed_0.10",
  "baseline": "cog_dc_baseline",
  "num_videos": 33,
  "psnr": {
    "mean": 37.68795196105259,
    "std": 1.814736461235072
  },
  "ssim": {
    "mean": 0.9610408143740162,
    "std": 0.011473150828868954
  },
  "lpips": {
    "mean": 0.02586299694832059,
    "std": 0.006980792791419363
  }
}