{
  "mode": "cog_dc_adaptive_hi0.35_lo0.10_late",
  "baseline": "cog_dc_baseline",
  "num_videos": 33,
  "psnr": {
    "mean": 16.05522085449878,
    "std": 3.7953255574175246
  },
  "ssim": {
    "mean": 0.6191056345644449,
    "std": 0.15480830766032805
  },
  "lpips": {
    "mean": 0.47201221643083335,
    "std": 0.14423941001262666
  }
}