{
  "mode": "cog_dc_adaptive_hi0.60_lo0.10_late",
  "baseline": "cog_dc_baseline",
  "num_videos": 33,
  "psnr": {
    "mean": 15.838179523885309,
    "std": 3.706406455938672
  },
  "ssim": {
    "mean": 0.6203224872876293,
    "std": 0.1487172824027883
  },
  "lpips": {
    "mean": 0.4722399616281593,
    "std": 0.14140522416289772
  }
}