{
  "mode": "cog_dc_adaptive_hi0.60_lo0.20_late",
  "baseline": "cog_dc_baseline",
  "num_videos": 33,
  "psnr": {
    "mean": 15.649654788776818,
    "std": 3.160449001566309
  },
  "ssim": {
    "mean": 0.6171330121794322,
    "std": 0.1487473504651075
  },
  "lpips": {
    "mean": 0.48305282891465623,
    "std": 0.14109697235485708
  }
}