{
  "mode": "cog_dc_adaptive_hi0.50_lo0.20",
  "baseline": "cog_dc_baseline",
  "num_videos": 33,
  "psnr": {
    "mean": 15.302853083462143,
    "std": 2.3706978422732843
  },
  "ssim": {
    "mean": 0.60782205765162,
    "std": 0.13719493433861513
  },
  "lpips": {
    "mean": 0.5215620307876873,
    "std": 0.12661231068664963
  }
}