{
  "mode": "cog_dc_fixed_0.25",
  "baseline": "cog_dc_baseline",
  "num_videos": 33,
  "psnr": {
    "mean": 30.004266101974256,
    "std": 1.9383754617860574
  },
  "ssim": {
    "mean": 0.9322937155776232,
    "std": 0.021767105199621863
  },
  "lpips": {
    "mean": 0.062256905947436644,
    "std": 0.015775831799252574
  }
}