{
  "mode": "cog_dc_fixed_0.60",
  "baseline": "cog_dc_baseline",
  "num_videos": 33,
  "psnr": {
    "mean": 13.292321162633545,
    "std": 2.055782167622954
  },
  "ssim": {
    "mean": 0.5417028031078753,
    "std": 0.13376776505756136
  },
  "lpips": {
    "mean": 0.5840176745630408,
    "std": 0.08590995144214042
  }
}