{
    "appearance_style": [
        0.25827160493827167,
        [
            {
                "video_path": "/nfs/oagrawal/CogVideo/dicache_results/videos/cog_dc_fixed_0.05/A beautiful coastal beach in spring, waves lapping on sand, Van Gogh style-0.mp4",
                "video_results": 0.203119212962963,
                "frame_results": [
                    0.21671875,
                    0.21703125,
                    0.2146875,
                    0.2109375,
                    0.209375,
                    0.2078125,
                    0.21015625,
                    0.205,
                    0.20421875,
                    0.1978125,
                    0.20265625,
                    0.21515625,
                    0.20328125,
                    0.20734375,
                    0.19546875,
                    0.2015625,
                    0.205625,
                    0.19640625,
                    0.2075,
                    0.20953125,
                    0.20390625,
                    0.195,
                    0.18703125,
                    0.184375,
                    0.19625,
                    0.20203125,
                    0.1953125,
                    0.201875,
                    0.198125,
                    0.20015625,
                    0.20515625,
                    0.2065625,
                    0.20203125,
                    0.2071875,
                    0.20875,
                    0.20515625,
                    0.195,
                    0.21140625,
                    0.20921875,
                    0.2040625,
                    0.2078125,
                    0.21046875,
                    0.21109375,
                    0.21,
                    0.20328125,
                    0.2065625,
                    0.19703125,
                    0.19125,
                    0.1984375,
                    0.21,
                    0.2115625,
                    0.2103125,
                    0.203125,
                    0.1953125,
                    0.20203125,
                    0.20171875,
                    0.20484375,
                    0.2028125,
                    0.19609375,
                    0.20625,
                    0.205,
                    0.20578125,
                    0.19265625,
                    0.20171875,
                    0.20796875,
                    0.20921875,
                    0.21453125,
                    0.2121875,
                    0.1953125,
                    0.2009375,
                    0.19171875,
                    0.19296875,
                    0.205,
                    0.20109375,
                    0.1934375,
                    0.1975,
                    0.1928125,
                    0.205625,
                    0.19515625,
                    0.1978125,
                    0.19734375
                ],
                "cur_sim": 0.19734375
            },
            {
                "video_path": "/nfs/oagrawal/CogVideo/dicache_results/videos/cog_dc_fixed_0.05/A beautiful coastal beach in spring, waves lapping on sand, oil painting-0.mp4",
                "video_results": 0.26621334876543207,
                "frame_results": [
                    0.26078125,
                    0.25921875,
                    0.26234375,
                    0.26296875,
                    0.26328125,
                    0.263125,
                    0.26453125,
                    0.2653125,
                    0.26609375,
                    0.26453125,
                    0.26328125,
                    0.2625,
                    0.2628125,
                    0.26265625,
                    0.26359375,
                    0.26421875,
                    0.26390625,
                    0.2640625,
                    0.2634375,
                    0.26296875,
                    0.26484375,
                    0.26453125,
                    0.26671875,
                    0.26546875,
                    0.266875,
                    0.26578125,
                    0.2653125,
                    0.26578125,
                    0.26765625,
                    0.2653125,
                    0.264375,
                    0.261875,
                    0.26390625,
                    0.265,
                    0.26703125,
                    0.266875,
                    0.26640625,
                    0.2659375,
                    0.26671875,
                    0.2665625,
                    0.26671875,
                    0.264375,
                    0.26328125,
                    0.26578125,
                    0.2640625,
                    0.263125,
                    0.2646875,
                    0.265625,
                    0.26640625,
                    0.26765625,
                    0.2659375,
                    0.2671875,
                    0.2678125,
                    0.2678125,
                    0.2684375,
                    0.2684375,
                    0.2690625,
                    0.26890625,
                    0.26921875,
                    0.26921875,
                    0.27125,
                    0.270625,
                    0.2696875,
                    0.268125,
                    0.2678125,
                    0.26765625,
                    0.269375,
                    0.27,
                    0.26984375,
                    0.27,
                    0.2690625,
                    0.270625,
                    0.27046875,
                    0.26984375,
                    0.268125,
                    0.2665625,
                    0.266875,
                    0.26734375,
                    0.26828125,
                    0.269375,
                    0.27
                ],
                "cur_sim": 0.27
            },
            {
                "video_path": "/nfs/oagrawal/CogVideo/dicache_results/videos/cog_dc_fixed_0.05/A beautiful coastal beach in spring, waves lapping on sand by Hokusai, in the style of Ukiyo-0.mp4",
                "video_results": 0.30548225308641974,