{
    "appearance_style": [
        0.23503086419753078,
        [
            {
                "video_path": "/nfs/oagrawal/CogVideo/easycache_updated_exp/videos/cog_ec_adaptive_hi0.10_lo0.075_f9_l6/A beautiful coastal beach in spring, waves lapping on sand, Van Gogh style-0.mp4",
                "video_results": 0.20134066358024696,
                "frame_results": [
                    0.21828125,
                    0.21359375,
                    0.20515625,
                    0.2053125,
                    0.20484375,
                    0.1959375,
                    0.1990625,
                    0.1978125,
                    0.20171875,
                    0.198125,
                    0.19953125,
                    0.19921875,
                    0.19953125,
                    0.1965625,
                    0.1978125,
                    0.1971875,
                    0.194375,
                    0.19546875,
                    0.195,
                    0.2,
                    0.2003125,
                    0.19859375,
                    0.196875,
                    0.19890625,
                    0.20078125,
                    0.211875,
                    0.2059375,
                    0.2196875,
                    0.2196875,
                    0.2,
                    0.20078125,
                    0.2078125,
                    0.20703125,
                    0.21671875,
                    0.20953125,
                    0.19953125,
                    0.1990625,
                    0.19875,
                    0.19671875,
                    0.19921875,
                    0.19578125,
                    0.1990625,
                    0.2,
                    0.2025,
                    0.19921875,
                    0.2,
                    0.19765625,
                    0.2,
                    0.201875,
                    0.2021875,
                    0.1984375,
                    0.19765625,
                    0.20265625,
                    0.198125,
                    0.199375,
                    0.20484375,
                    0.20375,
                    0.19625,
                    0.19640625,
                    0.19609375,
                    0.19765625,
                    0.201875,
                    0.1971875,
                    0.2015625,
                    0.20015625,
                    0.20921875,
                    0.20453125,
                    0.2034375,
                    0.20015625,
                    0.20328125,
                    0.20109375,
                    0.20453125,
                    0.2009375,
                    0.19484375,
                    0.19765625,
                    0.20265625,
                    0.1959375,
                    0.1965625,
                    0.1965625,
                    0.2025,
                    0.20203125
                ],
                "cur_sim": 0.20203125
            },
            {
                "video_path": "/nfs/oagrawal/CogVideo/easycache_updated_exp/videos/cog_ec_adaptive_hi0.10_lo0.075_f9_l6/A beautiful coastal beach in spring, waves lapping on sand, oil painting-0.mp4",
                "video_results": 0.2206539351851852,
                "frame_results": [
                    0.23609375,
                    0.22890625,
                    0.22046875,
                    0.21875,
                    0.22078125,
                    0.21890625,
                    0.22484375,
                    0.2234375,
                    0.22265625,
                    0.21984375,
                    0.2228125,
                    0.2215625,
                    0.224375,
                    0.2221875,
                    0.22140625,
                    0.2203125,
                    0.21796875,
                    0.22171875,
                    0.223125,
                    0.22515625,
                    0.22625,
                    0.22953125,
                    0.229375,
                    0.2246875,
                    0.22484375,
                    0.21859375,
                    0.22109375,
                    0.2221875,
                    0.22453125,
                    0.2234375,
                    0.22421875,
                    0.2225,
                    0.22265625,
                    0.2265625,
                    0.22671875,
                    0.22984375,
                    0.22578125,
                    0.22265625,
                    0.22453125,
                    0.2221875,
                    0.22296875,
                    0.2278125,
                    0.2203125,
                    0.22421875,
                    0.22515625,
                    0.22109375,
                    0.218125,
                    0.218125,
                    0.2184375,
                    0.22578125,
                    0.22109375,
                    0.2371875,
                    0.2234375,
                    0.21375,
                    0.21328125,
                    0.214375,
                    0.21609375,
                    0.215,
                    0.2125,
                    0.21171875,
                    0.21140625,
                    0.21453125,
                    0.215,
                    0.21453125,
                    0.2153125,
                    0.21765625,
                    0.21234375,
                    0.213125,
                    0.213125,
                    0.21859375,
                    0.216875,
                    0.215625,
                    0.21578125,
                    0.21703125,
                    0.2190625,
                    0.2196875,
                    0.2215625,
                    0.21546875,
                    0.21125,
                    0.21265625,
                    0.214375
                ],
                "cur_sim": 0.214375
            },
            {
                "video_path": "/nfs/oagrawal/CogVideo/easycache_updated_exp/videos/cog_ec_adaptive_hi0.10_lo0.075_f9_l6/A beautiful coastal beach in spring, waves lapping on sand by Hokusai, in the style of Ukiyo-0.mp4",
                "video_results": 0.2830979938271605,