{
    "spatial_relationship": [
        0.6233148166880904,
        [
            {
                "video_path": "/nfs/oagrawal/CogVideo/easycache_updated_exp/videos/cog_ec_adaptive_hi0.10_lo0.075_f9_l6/a bicycle on the left of a car, front view-0.mp4",
                "video_results": 0.875,
                "frame_results": [
                    1,
                    0,
                    0,
                    1,
                    1,
                    1,
                    1,
                    1,
                    1,
                    1,
                    1,
                    1,
                    1,
                    1,
                    1,
                    1
                ]
            },
            {
                "video_path": "/nfs/oagrawal/CogVideo/easycache_updated_exp/videos/cog_ec_adaptive_hi0.10_lo0.075_f9_l6/a car on the right of a motorcycle, front view-0.mp4",
                "video_results": 0.6875,
                "frame_results": [
                    0,
                    1,
                    0,
                    1,
                    1,
                    1,
                    1,
                    1,
                    1,
                    1,
                    1,
                    1,
                    1,
                    0,
                    0,
                    0
                ]
            },
            {
                "video_path": "/nfs/oagrawal/CogVideo/easycache_updated_exp/videos/cog_ec_adaptive_hi0.10_lo0.075_f9_l6/a motorcycle on the left of a bus, front view-0.mp4",
                "video_results": 0.307444450064271,
                "frame_results": [
                    0.21176376097665453,
                    0,
                    0,
                    0,
                    0.21107873489953258,
                    0.20960219478738,
                    0.6329787234042554,
                    0.6536877869605143,
                    0,
                    1,
                    0,
                    0,
                    0,
                    1,
                    0,
                    1
                ]
            }
        ]
    ]
}